flow_id,baseline_label,baseline_original_label,baseline_predicted_label,baseline_attack_probability,baseline_status,baseline_correct,current_label,current_original_label,current_predicted_label,current_attack_probability,current_status,current_correct,transition,baseline_result,current_result,traffic_class,persistent_fn,baseline_fn_repaired,current_only_fn,persistent_fp,baseline_fp_repaired,current_only_fp
FLOW_064712,0,BENIGN,1,0.57,FP,False,0,BENIGN,1,0.71,FP,False,FP -> FP,FP,FP,Benign,False,False,False,True,False,False
FLOW_097585,0,BENIGN,1,0.56,FP,False,0,BENIGN,1,0.765,FP,False,FP -> FP,FP,FP,Benign,False,False,False,True,False,False
FLOW_097598,0,BENIGN,1,0.655,FP,False,0,BENIGN,1,0.915,FP,False,FP -> FP,FP,FP,Benign,False,False,False,True,False,False
FLOW_097782,0,BENIGN,1,0.665,FP,False,0,BENIGN,1,0.97,FP,False,FP -> FP,FP,FP,Benign,False,False,False,True,False,False
FLOW_097832,0,BENIGN,1,0.545,FP,False,0,BENIGN,1,0.52,FP,False,FP -> FP,FP,FP,Benign,False,False,False,True,False,False
FLOW_097929,0,BENIGN,1,0.8,FP,False,0,BENIGN,1,0.88,FP,False,FP -> FP,FP,FP,Benign,False,False,False,True,False,False
FLOW_097935,0,BENIGN,1,0.595,FP,False,0,BENIGN,1,0.78,FP,False,FP -> FP,FP,FP,Benign,False,False,False,True,False,False
FLOW_097937,0,BENIGN,1,0.65,FP,False,0,BENIGN,1,0.58,FP,False,FP -> FP,FP,FP,Benign,False,False,False,True,False,False
FLOW_097961,0,BENIGN,1,0.795,FP,False,0,BENIGN,1,0.98,FP,False,FP -> FP,FP,FP,Benign,False,False,False,True,False,False
FLOW_113424,0,BENIGN,1,0.995,FP,False,0,BENIGN,1,0.995,FP,False,FP -> FP,FP,FP,Benign,False,False,False,True,False,False
FLOW_114865,0,BENIGN,1,0.995,FP,False,0,BENIGN,1,0.975,FP,False,FP -> FP,FP,FP,Benign,False,False,False,True,False,False
FLOW_114892,0,BENIGN,1,0.935,FP,False,0,BENIGN,1,0.925,FP,False,FP -> FP,FP,FP,Benign,False,False,False,True,False,False
FLOW_115836,0,BENIGN,1,0.925,FP,False,0,BENIGN,1,0.895,FP,False,FP -> FP,FP,FP,Benign,False,False,False,True,False,False
FLOW_115936,0,BENIGN,1,0.92,FP,False,0,BENIGN,1,0.96,FP,False,FP -> FP,FP,FP,Benign,False,False,False,True,False,False
FLOW_125473,0,BENIGN,1,0.85,FP,False,0,BENIGN,1,0.84,FP,False,FP -> FP,FP,FP,Benign,False,False,False,True,False,False
FLOW_125588,0,BENIGN,1,0.935,FP,False,0,BENIGN,1,0.87,FP,False,FP -> FP,FP,FP,Benign,False,False,False,True,False,False
FLOW_131201,0,BENIGN,1,0.785,FP,False,0,BENIGN,1,0.72,FP,False,FP -> FP,FP,FP,Benign,False,False,False,True,False,False
FLOW_131205,0,BENIGN,1,0.97,FP,False,0,BENIGN,1,0.975,FP,False,FP -> FP,FP,FP,Benign,False,False,False,True,False,False
FLOW_131254,0,BENIGN,1,0.985,FP,False,0,BENIGN,1,0.95,FP,False,FP -> FP,FP,FP,Benign,False,False,False,True,False,False
FLOW_131271,0,BENIGN,1,0.95,FP,False,0,BENIGN,1,0.985,FP,False,FP -> FP,FP,FP,Benign,False,False,False,True,False,False
FLOW_140578,0,BENIGN,1,0.625,FP,False,0,BENIGN,1,0.995,FP,False,FP -> FP,FP,FP,Benign,False,False,False,True,False,False
FLOW_140717,0,BENIGN,1,0.635,FP,False,0,BENIGN,1,0.59,FP,False,FP -> FP,FP,FP,Benign,False,False,False,True,False,False
FLOW_140891,0,BENIGN,1,0.62,FP,False,0,BENIGN,1,0.645,FP,False,FP -> FP,FP,FP,Benign,False,False,False,True,False,False
FLOW_140839,0,BENIGN,1,0.675,FP,False,0,BENIGN,1,0.615,FP,False,FP -> FP,FP,FP,Benign,False,False,False,True,False,False
FLOW_141095,0,BENIGN,1,0.545,FP,False,0,BENIGN,1,0.655,FP,False,FP -> FP,FP,FP,Benign,False,False,False,True,False,False
FLOW_141127,0,BENIGN,1,0.775,FP,False,0,BENIGN,1,0.925,FP,False,FP -> FP,FP,FP,Benign,False,False,False,True,False,False
FLOW_153568,0,BENIGN,1,0.595,FP,False,0,BENIGN,1,0.53,FP,False,FP -> FP,FP,FP,Benign,False,False,False,True,False,False
FLOW_153641,0,BENIGN,1,0.905,FP,False,0,BENIGN,1,0.895,FP,False,FP -> FP,FP,FP,Benign,False,False,False,True,False,False
FLOW_154054,0,BENIGN,1,1.0,FP,False,0,BENIGN,1,1.0,FP,False,FP -> FP,FP,FP,Benign,False,False,False,True,False,False
FLOW_153823,0,BENIGN,1,0.835,FP,False,0,BENIGN,1,0.82,FP,False,FP -> FP,FP,FP,Benign,False,False,False,True,False,False
FLOW_154329,0,BENIGN,1,0.995,FP,False,0,BENIGN,1,1.0,FP,False,FP -> FP,FP,FP,Benign,False,False,False,True,False,False
FLOW_154314,0,BENIGN,1,0.855,FP,False,0,BENIGN,1,0.865,FP,False,FP -> FP,FP,FP,Benign,False,False,False,True,False,False
FLOW_154956,0,BENIGN,1,1.0,FP,False,0,BENIGN,1,1.0,FP,False,FP -> FP,FP,FP,Benign,False,False,False,True,False,False
FLOW_154643,0,BENIGN,1,0.905,FP,False,0,BENIGN,1,0.84,FP,False,FP -> FP,FP,FP,Benign,False,False,False,True,False,False
FLOW_155382,0,BENIGN,1,0.9999835526315788,FP,False,0,BENIGN,1,0.995,FP,False,FP -> FP,FP,FP,Benign,False,False,False,True,False,False
FLOW_154972,0,BENIGN,1,0.955,FP,False,0,BENIGN,1,0.925,FP,False,FP -> FP,FP,FP,Benign,False,False,False,True,False,False
FLOW_155095,0,BENIGN,1,0.97,FP,False,0,BENIGN,1,0.955,FP,False,FP -> FP,FP,FP,Benign,False,False,False,True,False,False
FLOW_154337,0,BENIGN,1,0.9,FP,False,0,BENIGN,1,0.855,FP,False,FP -> FP,FP,FP,Benign,False,False,False,True,False,False
FLOW_155667,0,BENIGN,1,1.0,FP,False,0,BENIGN,1,1.0,FP,False,FP -> FP,FP,FP,Benign,False,False,False,True,False,False
FLOW_155696,0,BENIGN,1,0.69,FP,False,0,BENIGN,1,0.605,FP,False,FP -> FP,FP,FP,Benign,False,False,False,True,False,False
FLOW_155306,0,BENIGN,1,0.795,FP,False,0,BENIGN,1,0.835,FP,False,FP -> FP,FP,FP,Benign,False,False,False,True,False,False
FLOW_155741,0,BENIGN,1,1.0,FP,False,0,BENIGN,1,1.0,FP,False,FP -> FP,FP,FP,Benign,False,False,False,True,False,False
FLOW_156264,0,BENIGN,1,1.0,FP,False,0,BENIGN,1,1.0,FP,False,FP -> FP,FP,FP,Benign,False,False,False,True,False,False
FLOW_155998,0,BENIGN,1,0.98,FP,False,0,BENIGN,1,0.975,FP,False,FP -> FP,FP,FP,Benign,False,False,False,True,False,False
FLOW_155918,0,BENIGN,1,0.985,FP,False,0,BENIGN,1,0.97,FP,False,FP -> FP,FP,FP,Benign,False,False,False,True,False,False
FLOW_159356,0,BENIGN,1,0.735,FP,False,0,BENIGN,1,0.64,FP,False,FP -> FP,FP,FP,Benign,False,False,False,True,False,False
FLOW_168274,0,BENIGN,1,0.975,FP,False,0,BENIGN,1,0.97,FP,False,FP -> FP,FP,FP,Benign,False,False,False,True,False,False
FLOW_168275,0,BENIGN,1,0.715,FP,False,0,BENIGN,1,0.68,FP,False,FP -> FP,FP,FP,Benign,False,False,False,True,False,False
FLOW_169744,0,BENIGN,1,1.0,FP,False,0,BENIGN,1,0.995,FP,False,FP -> FP,FP,FP,Benign,False,False,False,True,False,False
FLOW_169872,0,BENIGN,1,0.525,FP,False,0,BENIGN,1,0.59,FP,False,FP -> FP,FP,FP,Benign,False,False,False,True,False,False
FLOW_171489,0,BENIGN,1,0.84,FP,False,0,BENIGN,1,0.81,FP,False,FP -> FP,FP,FP,Benign,False,False,False,True,False,False
FLOW_171491,0,BENIGN,1,0.805,FP,False,0,BENIGN,1,0.78,FP,False,FP -> FP,FP,FP,Benign,False,False,False,True,False,False
FLOW_171631,0,BENIGN,1,0.61,FP,False,0,BENIGN,1,0.575,FP,False,FP -> FP,FP,FP,Benign,False,False,False,True,False,False
FLOW_172943,0,BENIGN,1,0.95,FP,False,0,BENIGN,1,0.92,FP,False,FP -> FP,FP,FP,Benign,False,False,False,True,False,False
FLOW_173014,0,BENIGN,1,0.995,FP,False,0,BENIGN,1,1.0,FP,False,FP -> FP,FP,FP,Benign,False,False,False,True,False,False
FLOW_173020,0,BENIGN,1,0.99,FP,False,0,BENIGN,1,0.99,FP,False,FP -> FP,FP,FP,Benign,False,False,False,True,False,False
FLOW_173159,0,BENIGN,1,0.865,FP,False,0,BENIGN,1,0.84,FP,False,FP -> FP,FP,FP,Benign,False,False,False,True,False,False
FLOW_173666,0,BENIGN,1,0.85,FP,False,0,BENIGN,1,0.765,FP,False,FP -> FP,FP,FP,Benign,False,False,False,True,False,False
FLOW_173785,0,BENIGN,1,1.0,FP,False,0,BENIGN,1,0.985,FP,False,FP -> FP,FP,FP,Benign,False,False,False,True,False,False
FLOW_174130,0,BENIGN,1,0.985,FP,False,0,BENIGN,1,0.965,FP,False,FP -> FP,FP,FP,Benign,False,False,False,True,False,False
FLOW_173149,0,BENIGN,1,0.885,FP,False,0,BENIGN,1,0.875,FP,False,FP -> FP,FP,FP,Benign,False,False,False,True,False,False
FLOW_172890,0,BENIGN,1,0.605,FP,False,0,BENIGN,1,0.52,FP,False,FP -> FP,FP,FP,Benign,False,False,False,True,False,False
FLOW_175569,0,BENIGN,1,0.67,FP,False,0,BENIGN,1,0.62,FP,False,FP -> FP,FP,FP,Benign,False,False,False,True,False,False
FLOW_175660,0,BENIGN,1,0.72,FP,False,0,BENIGN,1,0.705,FP,False,FP -> FP,FP,FP,Benign,False,False,False,True,False,False
FLOW_176015,0,BENIGN,1,1.0,FP,False,0,BENIGN,1,1.0,FP,False,FP -> FP,FP,FP,Benign,False,False,False,True,False,False
FLOW_176056,0,BENIGN,1,1.0,FP,False,0,BENIGN,1,1.0,FP,False,FP -> FP,FP,FP,Benign,False,False,False,True,False,False
FLOW_173016,0,BENIGN,1,0.945,FP,False,0,BENIGN,1,0.94,FP,False,FP -> FP,FP,FP,Benign,False,False,False,True,False,False
FLOW_173018,0,BENIGN,1,0.955,FP,False,0,BENIGN,1,0.97,FP,False,FP -> FP,FP,FP,Benign,False,False,False,True,False,False
FLOW_173161,0,BENIGN,1,0.97,FP,False,0,BENIGN,1,0.99,FP,False,FP -> FP,FP,FP,Benign,False,False,False,True,False,False
FLOW_176170,0,BENIGN,1,0.765,FP,False,0,BENIGN,1,0.79,FP,False,FP -> FP,FP,FP,Benign,False,False,False,True,False,False
FLOW_176502,0,BENIGN,1,1.0,FP,False,0,BENIGN,1,0.995,FP,False,FP -> FP,FP,FP,Benign,False,False,False,True,False,False
FLOW_176679,0,BENIGN,1,0.985,FP,False,0,BENIGN,1,0.975,FP,False,FP -> FP,FP,FP,Benign,False,False,False,True,False,False
FLOW_176707,0,BENIGN,1,0.98,FP,False,0,BENIGN,1,0.985,FP,False,FP -> FP,FP,FP,Benign,False,False,False,True,False,False
FLOW_176782,0,BENIGN,1,1.0,FP,False,0,BENIGN,1,0.995,FP,False,FP -> FP,FP,FP,Benign,False,False,False,True,False,False
FLOW_177468,0,BENIGN,1,1.0,FP,False,0,BENIGN,1,1.0,FP,False,FP -> FP,FP,FP,Benign,False,False,False,True,False,False
FLOW_177474,0,BENIGN,1,1.0,FP,False,0,BENIGN,1,1.0,FP,False,FP -> FP,FP,FP,Benign,False,False,False,True,False,False
FLOW_177963,0,BENIGN,1,0.62,FP,False,0,BENIGN,1,0.62,FP,False,FP -> FP,FP,FP,Benign,False,False,False,True,False,False
FLOW_177964,0,BENIGN,1,0.925,FP,False,0,BENIGN,1,0.95,FP,False,FP -> FP,FP,FP,Benign,False,False,False,True,False,False
FLOW_173086,0,BENIGN,1,0.68,FP,False,0,BENIGN,1,0.615,FP,False,FP -> FP,FP,FP,Benign,False,False,False,True,False,False
FLOW_173082,0,BENIGN,1,0.7,FP,False,0,BENIGN,1,0.665,FP,False,FP -> FP,FP,FP,Benign,False,False,False,True,False,False
FLOW_180776,0,BENIGN,1,0.79,FP,False,0,BENIGN,1,0.81,FP,False,FP -> FP,FP,FP,Benign,False,False,False,True,False,False
FLOW_181188,0,BENIGN,1,0.575,FP,False,0,BENIGN,1,0.55,FP,False,FP -> FP,FP,FP,Benign,False,False,False,True,False,False
FLOW_181453,0,BENIGN,1,0.97,FP,False,0,BENIGN,1,0.96,FP,False,FP -> FP,FP,FP,Benign,False,False,False,True,False,False
FLOW_181894,0,BENIGN,1,1.0,FP,False,0,BENIGN,1,0.9999785867237688,FP,False,FP -> FP,FP,FP,Benign,False,False,False,True,False,False
FLOW_182511,0,BENIGN,1,0.845,FP,False,0,BENIGN,1,0.915,FP,False,FP -> FP,FP,FP,Benign,False,False,False,True,False,False
FLOW_181910,0,BENIGN,1,0.995,FP,False,0,BENIGN,1,0.995,FP,False,FP -> FP,FP,FP,Benign,False,False,False,True,False,False
FLOW_183968,0,BENIGN,1,0.98,FP,False,0,BENIGN,1,0.99,FP,False,FP -> FP,FP,FP,Benign,False,False,False,True,False,False
FLOW_185082,0,BENIGN,1,0.995,FP,False,0,BENIGN,1,0.995,FP,False,FP -> FP,FP,FP,Benign,False,False,False,True,False,False
FLOW_185857,0,BENIGN,1,1.0,FP,False,0,BENIGN,1,1.0,FP,False,FP -> FP,FP,FP,Benign,False,False,False,True,False,False
FLOW_185492,0,BENIGN,1,0.9,FP,False,0,BENIGN,1,0.89,FP,False,FP -> FP,FP,FP,Benign,False,False,False,True,False,False
FLOW_185219,0,BENIGN,1,0.86,FP,False,0,BENIGN,1,0.885,FP,False,FP -> FP,FP,FP,Benign,False,False,False,True,False,False
FLOW_187022,0,BENIGN,1,0.605,FP,False,0,BENIGN,1,0.75,FP,False,FP -> FP,FP,FP,Benign,False,False,False,True,False,False
FLOW_187055,0,BENIGN,1,0.695,FP,False,0,BENIGN,1,0.68,FP,False,FP -> FP,FP,FP,Benign,False,False,False,True,False,False
FLOW_188019,0,BENIGN,1,0.87,FP,False,0,BENIGN,1,0.845,FP,False,FP -> FP,FP,FP,Benign,False,False,False,True,False,False
FLOW_189022,0,BENIGN,1,0.86,FP,False,0,BENIGN,1,0.855,FP,False,FP -> FP,FP,FP,Benign,False,False,False,True,False,False
FLOW_189743,0,BENIGN,1,1.0,FP,False,0,BENIGN,1,1.0,FP,False,FP -> FP,FP,FP,Benign,False,False,False,True,False,False
FLOW_190334,0,BENIGN,1,1.0,FP,False,0,BENIGN,1,0.995,FP,False,FP -> FP,FP,FP,Benign,False,False,False,True,False,False
FLOW_191762,0,BENIGN,1,1.0,FP,False,0,BENIGN,1,1.0,FP,False,FP -> FP,FP,FP,Benign,False,False,False,True,False,False
FLOW_191334,0,BENIGN,1,0.935,FP,False,0,BENIGN,1,0.925,FP,False,FP -> FP,FP,FP,Benign,False,False,False,True,False,False
FLOW_191935,0,BENIGN,1,0.705,FP,False,0,BENIGN,1,0.595,FP,False,FP -> FP,FP,FP,Benign,False,False,False,True,False,False
FLOW_192487,0,BENIGN,1,0.89,FP,False,0,BENIGN,1,0.85,FP,False,FP -> FP,FP,FP,Benign,False,False,False,True,False,False
FLOW_193018,0,BENIGN,1,1.0,FP,False,0,BENIGN,1,1.0,FP,False,FP -> FP,FP,FP,Benign,False,False,False,True,False,False
FLOW_192726,0,BENIGN,1,0.965,FP,False,0,BENIGN,1,0.98,FP,False,FP -> FP,FP,FP,Benign,False,False,False,True,False,False
FLOW_193196,0,BENIGN,1,1.0,FP,False,0,BENIGN,1,1.0,FP,False,FP -> FP,FP,FP,Benign,False,False,False,True,False,False
FLOW_193327,0,BENIGN,1,0.795,FP,False,0,BENIGN,1,0.745,FP,False,FP -> FP,FP,FP,Benign,False,False,False,True,False,False
FLOW_192301,0,BENIGN,1,0.985,FP,False,0,BENIGN,1,0.99,FP,False,FP -> FP,FP,FP,Benign,False,False,False,True,False,False
FLOW_194065,0,BENIGN,1,1.0,FP,False,0,BENIGN,1,1.0,FP,False,FP -> FP,FP,FP,Benign,False,False,False,True,False,False
FLOW_195228,0,BENIGN,1,1.0,FP,False,0,BENIGN,1,0.98,FP,False,FP -> FP,FP,FP,Benign,False,False,False,True,False,False
FLOW_195293,0,BENIGN,1,1.0,FP,False,0,BENIGN,1,1.0,FP,False,FP -> FP,FP,FP,Benign,False,False,False,True,False,False
FLOW_195863,0,BENIGN,1,1.0,FP,False,0,BENIGN,1,1.0,FP,False,FP -> FP,FP,FP,Benign,False,False,False,True,False,False
FLOW_195881,0,BENIGN,1,0.99,FP,False,0,BENIGN,1,0.99,FP,False,FP -> FP,FP,FP,Benign,False,False,False,True,False,False
FLOW_195922,0,BENIGN,1,0.99,FP,False,0,BENIGN,1,0.985,FP,False,FP -> FP,FP,FP,Benign,False,False,False,True,False,False
FLOW_196540,0,BENIGN,1,1.0,FP,False,0,BENIGN,1,0.995,FP,False,FP -> FP,FP,FP,Benign,False,False,False,True,False,False
FLOW_197086,0,BENIGN,1,0.995,FP,False,0,BENIGN,1,1.0,FP,False,FP -> FP,FP,FP,Benign,False,False,False,True,False,False
FLOW_197155,0,BENIGN,1,1.0,FP,False,0,BENIGN,1,1.0,FP,False,FP -> FP,FP,FP,Benign,False,False,False,True,False,False
FLOW_197820,0,BENIGN,1,0.98,FP,False,0,BENIGN,1,0.99,FP,False,FP -> FP,FP,FP,Benign,False,False,False,True,False,False
FLOW_197965,0,BENIGN,1,0.99,FP,False,0,BENIGN,1,0.995,FP,False,FP -> FP,FP,FP,Benign,False,False,False,True,False,False
FLOW_197935,0,BENIGN,1,0.965,FP,False,0,BENIGN,1,0.975,FP,False,FP -> FP,FP,FP,Benign,False,False,False,True,False,False
FLOW_198004,0,BENIGN,1,0.99,FP,False,0,BENIGN,1,0.985,FP,False,FP -> FP,FP,FP,Benign,False,False,False,True,False,False
FLOW_198408,0,BENIGN,1,0.715,FP,False,0,BENIGN,1,0.705,FP,False,FP -> FP,FP,FP,Benign,False,False,False,True,False,False
FLOW_194798,0,BENIGN,1,0.635,FP,False,0,BENIGN,1,0.52,FP,False,FP -> FP,FP,FP,Benign,False,False,False,True,False,False
FLOW_200270,0,BENIGN,1,0.75,FP,False,0,BENIGN,1,0.705,FP,False,FP -> FP,FP,FP,Benign,False,False,False,True,False,False
FLOW_201384,0,BENIGN,1,1.0,FP,False,0,BENIGN,1,1.0,FP,False,FP -> FP,FP,FP,Benign,False,False,False,True,False,False
FLOW_200472,0,BENIGN,1,0.995,FP,False,0,BENIGN,1,0.995,FP,False,FP -> FP,FP,FP,Benign,False,False,False,True,False,False
FLOW_201137,0,BENIGN,1,0.985,FP,False,0,BENIGN,1,0.98,FP,False,FP -> FP,FP,FP,Benign,False,False,False,True,False,False
FLOW_203460,0,BENIGN,1,1.0,FP,False,0,BENIGN,1,0.995,FP,False,FP -> FP,FP,FP,Benign,False,False,False,True,False,False
FLOW_204354,0,BENIGN,1,0.645,FP,False,0,BENIGN,1,0.705,FP,False,FP -> FP,FP,FP,Benign,False,False,False,True,False,False
FLOW_208436,0,BENIGN,1,0.995,FP,False,0,BENIGN,1,0.995,FP,False,FP -> FP,FP,FP,Benign,False,False,False,True,False,False
FLOW_208474,0,BENIGN,1,1.0,FP,False,0,BENIGN,1,1.0,FP,False,FP -> FP,FP,FP,Benign,False,False,False,True,False,False
FLOW_208100,0,BENIGN,1,0.96,FP,False,0,BENIGN,1,0.965,FP,False,FP -> FP,FP,FP,Benign,False,False,False,True,False,False
FLOW_207543,0,BENIGN,1,0.995,FP,False,0,BENIGN,1,0.99,FP,False,FP -> FP,FP,FP,Benign,False,False,False,True,False,False
FLOW_209699,0,BENIGN,1,0.96,FP,False,0,BENIGN,1,0.945,FP,False,FP -> FP,FP,FP,Benign,False,False,False,True,False,False
FLOW_210127,0,BENIGN,1,0.925,FP,False,0,BENIGN,1,0.935,FP,False,FP -> FP,FP,FP,Benign,False,False,False,True,False,False
FLOW_210130,0,BENIGN,1,1.0,FP,False,0,BENIGN,1,1.0,FP,False,FP -> FP,FP,FP,Benign,False,False,False,True,False,False
FLOW_210136,0,BENIGN,1,1.0,FP,False,0,BENIGN,1,1.0,FP,False,FP -> FP,FP,FP,Benign,False,False,False,True,False,False
FLOW_210740,0,BENIGN,1,0.665,FP,False,0,BENIGN,1,0.7,FP,False,FP -> FP,FP,FP,Benign,False,False,False,True,False,False
FLOW_208701,0,BENIGN,1,0.995,FP,False,0,BENIGN,1,0.99,FP,False,FP -> FP,FP,FP,Benign,False,False,False,True,False,False
FLOW_209139,0,BENIGN,1,0.98,FP,False,0,BENIGN,1,0.985,FP,False,FP -> FP,FP,FP,Benign,False,False,False,True,False,False
FLOW_209141,0,BENIGN,1,0.915,FP,False,0,BENIGN,1,0.94,FP,False,FP -> FP,FP,FP,Benign,False,False,False,True,False,False
FLOW_204961,0,BENIGN,1,0.995,FP,False,0,BENIGN,1,1.0,FP,False,FP -> FP,FP,FP,Benign,False,False,False,True,False,False
FLOW_218566,0,BENIGN,1,0.995,FP,False,0,BENIGN,1,0.995,FP,False,FP -> FP,FP,FP,Benign,False,False,False,True,False,False
FLOW_222382,0,BENIGN,1,0.83,FP,False,0,BENIGN,1,0.785,FP,False,FP -> FP,FP,FP,Benign,False,False,False,True,False,False
FLOW_222398,0,BENIGN,1,0.625,FP,False,0,BENIGN,1,0.595,FP,False,FP -> FP,FP,FP,Benign,False,False,False,True,False,False
FLOW_223601,0,BENIGN,1,1.0,FP,False,0,BENIGN,1,1.0,FP,False,FP -> FP,FP,FP,Benign,False,False,False,True,False,False
FLOW_223757,0,BENIGN,1,0.995,FP,False,0,BENIGN,1,0.985,FP,False,FP -> FP,FP,FP,Benign,False,False,False,True,False,False
FLOW_225092,0,BENIGN,1,0.74,FP,False,0,BENIGN,1,0.74,FP,False,FP -> FP,FP,FP,Benign,False,False,False,True,False,False
FLOW_225099,0,BENIGN,1,0.74,FP,False,0,BENIGN,1,0.74,FP,False,FP -> FP,FP,FP,Benign,False,False,False,True,False,False
FLOW_225865,0,BENIGN,1,0.67,FP,False,0,BENIGN,1,0.55,FP,False,FP -> FP,FP,FP,Benign,False,False,False,True,False,False
FLOW_226170,0,BENIGN,1,0.995,FP,False,0,BENIGN,1,0.99,FP,False,FP -> FP,FP,FP,Benign,False,False,False,True,False,False
FLOW_224229,0,BENIGN,1,0.97,FP,False,0,BENIGN,1,0.97,FP,False,FP -> FP,FP,FP,Benign,False,False,False,True,False,False
FLOW_224227,0,BENIGN,1,0.96,FP,False,0,BENIGN,1,0.965,FP,False,FP -> FP,FP,FP,Benign,False,False,False,True,False,False
FLOW_232705,0,BENIGN,1,0.755,FP,False,0,BENIGN,1,0.69,FP,False,FP -> FP,FP,FP,Benign,False,False,False,True,False,False
FLOW_232706,0,BENIGN,1,0.755,FP,False,0,BENIGN,1,0.69,FP,False,FP -> FP,FP,FP,Benign,False,False,False,True,False,False
FLOW_232895,0,BENIGN,1,1.0,FP,False,0,BENIGN,1,1.0,FP,False,FP -> FP,FP,FP,Benign,False,False,False,True,False,False
FLOW_233608,0,BENIGN,1,1.0,FP,False,0,BENIGN,1,1.0,FP,False,FP -> FP,FP,FP,Benign,False,False,False,True,False,False
FLOW_238375,0,BENIGN,1,0.76,FP,False,0,BENIGN,1,0.67,FP,False,FP -> FP,FP,FP,Benign,False,False,False,True,False,False
FLOW_241755,0,BENIGN,1,0.975,FP,False,0,BENIGN,1,1.0,FP,False,FP -> FP,FP,FP,Benign,False,False,False,True,False,False
FLOW_241798,0,BENIGN,1,0.895,FP,False,0,BENIGN,1,0.95,FP,False,FP -> FP,FP,FP,Benign,False,False,False,True,False,False
FLOW_243153,0,BENIGN,1,0.995,FP,False,0,BENIGN,1,0.985,FP,False,FP -> FP,FP,FP,Benign,False,False,False,True,False,False
FLOW_244335,0,BENIGN,1,1.0,FP,False,0,BENIGN,1,1.0,FP,False,FP -> FP,FP,FP,Benign,False,False,False,True,False,False
FLOW_244359,0,BENIGN,1,1.0,FP,False,0,BENIGN,1,1.0,FP,False,FP -> FP,FP,FP,Benign,False,False,False,True,False,False
FLOW_242599,0,BENIGN,1,1.0,FP,False,0,BENIGN,1,0.995,FP,False,FP -> FP,FP,FP,Benign,False,False,False,True,False,False
FLOW_244205,0,BENIGN,1,0.765,FP,False,0,BENIGN,1,0.71,FP,False,FP -> FP,FP,FP,Benign,False,False,False,True,False,False
FLOW_250759,0,BENIGN,1,0.785,FP,False,0,BENIGN,1,0.735,FP,False,FP -> FP,FP,FP,Benign,False,False,False,True,False,False
FLOW_251117,0,BENIGN,1,0.99,FP,False,0,BENIGN,1,1.0,FP,False,FP -> FP,FP,FP,Benign,False,False,False,True,False,False
FLOW_252912,0,BENIGN,1,1.0,FP,False,0,BENIGN,1,1.0,FP,False,FP -> FP,FP,FP,Benign,False,False,False,True,False,False
FLOW_255182,0,BENIGN,1,0.99,FP,False,0,BENIGN,1,0.985,FP,False,FP -> FP,FP,FP,Benign,False,False,False,True,False,False
FLOW_257301,0,BENIGN,1,0.99,FP,False,0,BENIGN,1,0.965,FP,False,FP -> FP,FP,FP,Benign,False,False,False,True,False,False
FLOW_258790,0,BENIGN,1,1.0,FP,False,0,BENIGN,1,0.995,FP,False,FP -> FP,FP,FP,Benign,False,False,False,True,False,False
FLOW_259168,0,BENIGN,1,0.92,FP,False,0,BENIGN,1,0.925,FP,False,FP -> FP,FP,FP,Benign,False,False,False,True,False,False
FLOW_262796,0,BENIGN,1,1.0,FP,False,0,BENIGN,1,0.99,FP,False,FP -> FP,FP,FP,Benign,False,False,False,True,False,False
FLOW_262865,0,BENIGN,1,1.0,FP,False,0,BENIGN,1,1.0,FP,False,FP -> FP,FP,FP,Benign,False,False,False,True,False,False
FLOW_262869,0,BENIGN,1,0.705,FP,False,0,BENIGN,1,0.66,FP,False,FP -> FP,FP,FP,Benign,False,False,False,True,False,False
FLOW_263389,0,BENIGN,1,0.985,FP,False,0,BENIGN,1,0.995,FP,False,FP -> FP,FP,FP,Benign,False,False,False,True,False,False
FLOW_263401,0,BENIGN,1,0.985,FP,False,0,BENIGN,1,0.995,FP,False,FP -> FP,FP,FP,Benign,False,False,False,True,False,False
FLOW_263411,0,BENIGN,1,0.555,FP,False,0,BENIGN,1,0.575,FP,False,FP -> FP,FP,FP,Benign,False,False,False,True,False,False
FLOW_265850,0,BENIGN,1,0.995,FP,False,0,BENIGN,1,1.0,FP,False,FP -> FP,FP,FP,Benign,False,False,False,True,False,False
FLOW_266758,0,BENIGN,1,0.62,FP,False,0,BENIGN,1,0.6,FP,False,FP -> FP,FP,FP,Benign,False,False,False,True,False,False
FLOW_267875,0,BENIGN,1,0.635,FP,False,0,BENIGN,1,0.525,FP,False,FP -> FP,FP,FP,Benign,False,False,False,True,False,False
FLOW_270898,0,BENIGN,1,0.995,FP,False,0,BENIGN,1,0.995,FP,False,FP -> FP,FP,FP,Benign,False,False,False,True,False,False
FLOW_272606,0,BENIGN,1,0.72,FP,False,0,BENIGN,1,0.68,FP,False,FP -> FP,FP,FP,Benign,False,False,False,True,False,False
FLOW_274779,0,BENIGN,1,0.605,FP,False,0,BENIGN,1,0.58,FP,False,FP -> FP,FP,FP,Benign,False,False,False,True,False,False
FLOW_274804,0,BENIGN,1,0.69,FP,False,0,BENIGN,1,0.68,FP,False,FP -> FP,FP,FP,Benign,False,False,False,True,False,False
FLOW_274727,0,BENIGN,1,1.0,FP,False,0,BENIGN,1,1.0,FP,False,FP -> FP,FP,FP,Benign,False,False,False,True,False,False
FLOW_275500,0,BENIGN,1,0.775,FP,False,0,BENIGN,1,0.705,FP,False,FP -> FP,FP,FP,Benign,False,False,False,True,False,False
FLOW_276393,0,BENIGN,1,1.0,FP,False,0,BENIGN,1,1.0,FP,False,FP -> FP,FP,FP,Benign,False,False,False,True,False,False
FLOW_272794,0,BENIGN,1,0.92,FP,False,0,BENIGN,1,0.935,FP,False,FP -> FP,FP,FP,Benign,False,False,False,True,False,False
FLOW_282884,0,BENIGN,1,0.965,FP,False,0,BENIGN,1,0.95,FP,False,FP -> FP,FP,FP,Benign,False,False,False,True,False,False
FLOW_285122,0,BENIGN,1,0.93,FP,False,0,BENIGN,1,0.91,FP,False,FP -> FP,FP,FP,Benign,False,False,False,True,False,False
FLOW_285134,0,BENIGN,1,0.975,FP,False,0,BENIGN,1,0.965,FP,False,FP -> FP,FP,FP,Benign,False,False,False,True,False,False
FLOW_285539,0,BENIGN,1,0.915,FP,False,0,BENIGN,1,0.86,FP,False,FP -> FP,FP,FP,Benign,False,False,False,True,False,False
FLOW_286196,0,BENIGN,1,1.0,FP,False,0,BENIGN,1,1.0,FP,False,FP -> FP,FP,FP,Benign,False,False,False,True,False,False
FLOW_282350,0,BENIGN,1,0.76,FP,False,0,BENIGN,1,0.75,FP,False,FP -> FP,FP,FP,Benign,False,False,False,True,False,False
FLOW_282403,0,BENIGN,1,0.83,FP,False,0,BENIGN,1,0.78,FP,False,FP -> FP,FP,FP,Benign,False,False,False,True,False,False
FLOW_290889,0,BENIGN,1,0.995,FP,False,0,BENIGN,1,0.98,FP,False,FP -> FP,FP,FP,Benign,False,False,False,True,False,False
FLOW_294093,0,BENIGN,1,0.995,FP,False,0,BENIGN,1,1.0,FP,False,FP -> FP,FP,FP,Benign,False,False,False,True,False,False
FLOW_294555,0,BENIGN,1,0.775,FP,False,0,BENIGN,1,0.71,FP,False,FP -> FP,FP,FP,Benign,False,False,False,True,False,False
FLOW_294557,0,BENIGN,1,0.775,FP,False,0,BENIGN,1,0.71,FP,False,FP -> FP,FP,FP,Benign,False,False,False,True,False,False
FLOW_294792,0,BENIGN,1,0.745,FP,False,0,BENIGN,1,0.72,FP,False,FP -> FP,FP,FP,Benign,False,False,False,True,False,False
FLOW_292216,0,BENIGN,1,0.905,FP,False,0,BENIGN,1,0.86,FP,False,FP -> FP,FP,FP,Benign,False,False,False,True,False,False
FLOW_298334,0,BENIGN,1,0.59,FP,False,0,BENIGN,1,0.615,FP,False,FP -> FP,FP,FP,Benign,False,False,False,True,False,False
FLOW_300121,0,BENIGN,1,0.995,FP,False,0,BENIGN,1,0.995,FP,False,FP -> FP,FP,FP,Benign,False,False,False,True,False,False
FLOW_301680,0,BENIGN,1,0.675,FP,False,0,BENIGN,1,0.505,FP,False,FP -> FP,FP,FP,Benign,False,False,False,True,False,False
FLOW_301111,0,BENIGN,1,1.0,FP,False,0,BENIGN,1,0.99,FP,False,FP -> FP,FP,FP,Benign,False,False,False,True,False,False
FLOW_300719,0,BENIGN,1,0.985,FP,False,0,BENIGN,1,0.975,FP,False,FP -> FP,FP,FP,Benign,False,False,False,True,False,False
FLOW_303970,0,BENIGN,1,1.0,FP,False,0,BENIGN,1,0.995,FP,False,FP -> FP,FP,FP,Benign,False,False,False,True,False,False
FLOW_304523,0,BENIGN,1,0.985,FP,False,0,BENIGN,1,0.98,FP,False,FP -> FP,FP,FP,Benign,False,False,False,True,False,False
FLOW_304613,0,BENIGN,1,0.69,FP,False,0,BENIGN,1,0.59,FP,False,FP -> FP,FP,FP,Benign,False,False,False,True,False,False
FLOW_305223,0,BENIGN,1,0.79,FP,False,0,BENIGN,1,0.765,FP,False,FP -> FP,FP,FP,Benign,False,False,False,True,False,False
FLOW_310060,0,BENIGN,1,0.97,FP,False,0,BENIGN,1,0.97,FP,False,FP -> FP,FP,FP,Benign,False,False,False,True,False,False
FLOW_310567,0,BENIGN,1,0.585,FP,False,0,BENIGN,1,0.57,FP,False,FP -> FP,FP,FP,Benign,False,False,False,True,False,False
FLOW_308522,0,BENIGN,1,0.855,FP,False,0,BENIGN,1,0.85,FP,False,FP -> FP,FP,FP,Benign,False,False,False,True,False,False
FLOW_315671,0,BENIGN,1,0.71,FP,False,0,BENIGN,1,0.73,FP,False,FP -> FP,FP,FP,Benign,False,False,False,True,False,False
FLOW_317856,0,BENIGN,1,0.925,FP,False,0,BENIGN,1,0.98,FP,False,FP -> FP,FP,FP,Benign,False,False,False,True,False,False
FLOW_320877,0,BENIGN,1,0.685,FP,False,0,BENIGN,1,0.61,FP,False,FP -> FP,FP,FP,Benign,False,False,False,True,False,False
FLOW_321746,0,BENIGN,1,0.89,FP,False,0,BENIGN,1,0.905,FP,False,FP -> FP,FP,FP,Benign,False,False,False,True,False,False
FLOW_322381,0,BENIGN,1,1.0,FP,False,0,BENIGN,1,1.0,FP,False,FP -> FP,FP,FP,Benign,False,False,False,True,False,False
FLOW_322416,0,BENIGN,1,1.0,FP,False,0,BENIGN,1,1.0,FP,False,FP -> FP,FP,FP,Benign,False,False,False,True,False,False
FLOW_322544,0,BENIGN,1,0.765,FP,False,0,BENIGN,1,0.81,FP,False,FP -> FP,FP,FP,Benign,False,False,False,True,False,False
FLOW_323152,0,BENIGN,1,0.94,FP,False,0,BENIGN,1,0.985,FP,False,FP -> FP,FP,FP,Benign,False,False,False,True,False,False
FLOW_324525,0,BENIGN,1,1.0,FP,False,0,BENIGN,1,0.975,FP,False,FP -> FP,FP,FP,Benign,False,False,False,True,False,False
FLOW_324751,0,BENIGN,1,1.0,FP,False,0,BENIGN,1,0.99,FP,False,FP -> FP,FP,FP,Benign,False,False,False,True,False,False
FLOW_325004,0,BENIGN,1,0.99,FP,False,0,BENIGN,1,1.0,FP,False,FP -> FP,FP,FP,Benign,False,False,False,True,False,False
FLOW_326879,0,BENIGN,1,0.995,FP,False,0,BENIGN,1,1.0,FP,False,FP -> FP,FP,FP,Benign,False,False,False,True,False,False
FLOW_324879,0,BENIGN,1,0.995,FP,False,0,BENIGN,1,1.0,FP,False,FP -> FP,FP,FP,Benign,False,False,False,True,False,False
FLOW_326628,0,BENIGN,1,0.835,FP,False,0,BENIGN,1,0.845,FP,False,FP -> FP,FP,FP,Benign,False,False,False,True,False,False
FLOW_326779,0,BENIGN,1,0.96,FP,False,0,BENIGN,1,0.955,FP,False,FP -> FP,FP,FP,Benign,False,False,False,True,False,False
FLOW_326967,0,BENIGN,1,0.99,FP,False,0,BENIGN,1,0.985,FP,False,FP -> FP,FP,FP,Benign,False,False,False,True,False,False
FLOW_328778,0,BENIGN,1,0.57,FP,False,0,BENIGN,1,0.575,FP,False,FP -> FP,FP,FP,Benign,False,False,False,True,False,False
FLOW_330535,0,BENIGN,1,0.99,FP,False,0,BENIGN,1,0.975,FP,False,FP -> FP,FP,FP,Benign,False,False,False,True,False,False
FLOW_331892,0,BENIGN,1,0.575,FP,False,0,BENIGN,1,0.505,FP,False,FP -> FP,FP,FP,Benign,False,False,False,True,False,False
FLOW_331815,0,BENIGN,1,1.0,FP,False,0,BENIGN,1,1.0,FP,False,FP -> FP,FP,FP,Benign,False,False,False,True,False,False
FLOW_333208,0,BENIGN,1,0.76,FP,False,0,BENIGN,1,0.665,FP,False,FP -> FP,FP,FP,Benign,False,False,False,True,False,False
FLOW_334349,0,BENIGN,1,0.99,FP,False,0,BENIGN,1,0.975,FP,False,FP -> FP,FP,FP,Benign,False,False,False,True,False,False
FLOW_334767,0,BENIGN,1,0.99,FP,False,0,BENIGN,1,1.0,FP,False,FP -> FP,FP,FP,Benign,False,False,False,True,False,False
FLOW_334790,0,BENIGN,1,0.955,FP,False,0,BENIGN,1,0.92,FP,False,FP -> FP,FP,FP,Benign,False,False,False,True,False,False
FLOW_334795,0,BENIGN,1,1.0,FP,False,0,BENIGN,1,1.0,FP,False,FP -> FP,FP,FP,Benign,False,False,False,True,False,False
FLOW_332300,0,BENIGN,1,1.0,FP,False,0,BENIGN,1,1.0,FP,False,FP -> FP,FP,FP,Benign,False,False,False,True,False,False
FLOW_335319,0,BENIGN,1,0.985,FP,False,0,BENIGN,1,1.0,FP,False,FP -> FP,FP,FP,Benign,False,False,False,True,False,False
FLOW_342832,0,BENIGN,1,0.715,FP,False,0,BENIGN,1,0.605,FP,False,FP -> FP,FP,FP,Benign,False,False,False,True,False,False
FLOW_342760,0,BENIGN,1,0.985,FP,False,0,BENIGN,1,0.985,FP,False,FP -> FP,FP,FP,Benign,False,False,False,True,False,False
FLOW_343334,0,BENIGN,1,0.985,FP,False,0,BENIGN,1,0.995,FP,False,FP -> FP,FP,FP,Benign,False,False,False,True,False,False
FLOW_348517,0,BENIGN,1,0.67,FP,False,0,BENIGN,1,0.695,FP,False,FP -> FP,FP,FP,Benign,False,False,False,True,False,False
FLOW_349962,0,BENIGN,1,0.975,FP,False,0,BENIGN,1,0.97,FP,False,FP -> FP,FP,FP,Benign,False,False,False,True,False,False
FLOW_352638,0,BENIGN,1,0.515,FP,False,0,BENIGN,1,0.505,FP,False,FP -> FP,FP,FP,Benign,False,False,False,True,False,False
FLOW_355507,0,BENIGN,1,0.99,FP,False,0,BENIGN,1,0.98,FP,False,FP -> FP,FP,FP,Benign,False,False,False,True,False,False
FLOW_356661,0,BENIGN,1,0.73,FP,False,0,BENIGN,1,0.735,FP,False,FP -> FP,FP,FP,Benign,False,False,False,True,False,False
FLOW_358842,0,BENIGN,1,1.0,FP,False,0,BENIGN,1,1.0,FP,False,FP -> FP,FP,FP,Benign,False,False,False,True,False,False
FLOW_358873,0,BENIGN,1,1.0,FP,False,0,BENIGN,1,1.0,FP,False,FP -> FP,FP,FP,Benign,False,False,False,True,False,False
FLOW_358540,0,BENIGN,1,0.995,FP,False,0,BENIGN,1,0.995,FP,False,FP -> FP,FP,FP,Benign,False,False,False,True,False,False
FLOW_359013,0,BENIGN,1,1.0,FP,False,0,BENIGN,1,1.0,FP,False,FP -> FP,FP,FP,Benign,False,False,False,True,False,False
FLOW_359046,0,BENIGN,1,1.0,FP,False,0,BENIGN,1,1.0,FP,False,FP -> FP,FP,FP,Benign,False,False,False,True,False,False
FLOW_358374,0,BENIGN,1,0.83,FP,False,0,BENIGN,1,0.81,FP,False,FP -> FP,FP,FP,Benign,False,False,False,True,False,False
FLOW_360376,0,BENIGN,1,1.0,FP,False,0,BENIGN,1,0.99,FP,False,FP -> FP,FP,FP,Benign,False,False,False,True,False,False
FLOW_360858,0,BENIGN,1,0.585,FP,False,0,BENIGN,1,0.53,FP,False,FP -> FP,FP,FP,Benign,False,False,False,True,False,False
FLOW_359801,0,BENIGN,1,0.975,FP,False,0,BENIGN,1,0.945,FP,False,FP -> FP,FP,FP,Benign,False,False,False,True,False,False
FLOW_360135,0,BENIGN,1,0.965,FP,False,0,BENIGN,1,0.965,FP,False,FP -> FP,FP,FP,Benign,False,False,False,True,False,False
FLOW_360974,0,BENIGN,1,0.925,FP,False,0,BENIGN,1,0.92,FP,False,FP -> FP,FP,FP,Benign,False,False,False,True,False,False
FLOW_366357,0,BENIGN,1,0.56,FP,False,0,BENIGN,1,0.555,FP,False,FP -> FP,FP,FP,Benign,False,False,False,True,False,False
FLOW_364189,0,BENIGN,1,0.985,FP,False,0,BENIGN,1,0.985,FP,False,FP -> FP,FP,FP,Benign,False,False,False,True,False,False
FLOW_370752,0,BENIGN,1,0.99,FP,False,0,BENIGN,1,0.985,FP,False,FP -> FP,FP,FP,Benign,False,False,False,True,False,False
FLOW_371408,0,BENIGN,1,1.0,FP,False,0,BENIGN,1,1.0,FP,False,FP -> FP,FP,FP,Benign,False,False,False,True,False,False
FLOW_372617,0,BENIGN,1,0.52,FP,False,0,BENIGN,1,0.635,FP,False,FP -> FP,FP,FP,Benign,False,False,False,True,False,False
FLOW_373951,0,BENIGN,1,0.7,FP,False,0,BENIGN,1,0.74,FP,False,FP -> FP,FP,FP,Benign,False,False,False,True,False,False
FLOW_374405,0,BENIGN,1,0.595,FP,False,0,BENIGN,1,0.56,FP,False,FP -> FP,FP,FP,Benign,False,False,False,True,False,False
FLOW_374436,0,BENIGN,1,0.68,FP,False,0,BENIGN,1,0.74,FP,False,FP -> FP,FP,FP,Benign,False,False,False,True,False,False
FLOW_375984,0,BENIGN,1,0.995,FP,False,0,BENIGN,1,0.955,FP,False,FP -> FP,FP,FP,Benign,False,False,False,True,False,False
FLOW_383930,0,BENIGN,1,0.62,FP,False,0,BENIGN,1,0.575,FP,False,FP -> FP,FP,FP,Benign,False,False,False,True,False,False
FLOW_383754,0,BENIGN,1,1.0,FP,False,0,BENIGN,1,1.0,FP,False,FP -> FP,FP,FP,Benign,False,False,False,True,False,False
FLOW_387440,0,BENIGN,1,0.645,FP,False,0,BENIGN,1,0.635,FP,False,FP -> FP,FP,FP,Benign,False,False,False,True,False,False
FLOW_390415,0,BENIGN,1,0.985,FP,False,0,BENIGN,1,0.97,FP,False,FP -> FP,FP,FP,Benign,False,False,False,True,False,False
FLOW_391314,0,BENIGN,1,0.62,FP,False,0,BENIGN,1,0.59,FP,False,FP -> FP,FP,FP,Benign,False,False,False,True,False,False
FLOW_391315,0,BENIGN,1,0.62,FP,False,0,BENIGN,1,0.59,FP,False,FP -> FP,FP,FP,Benign,False,False,False,True,False,False
FLOW_392564,0,BENIGN,1,0.765,FP,False,0,BENIGN,1,0.785,FP,False,FP -> FP,FP,FP,Benign,False,False,False,True,False,False
FLOW_392565,0,BENIGN,1,0.765,FP,False,0,BENIGN,1,0.785,FP,False,FP -> FP,FP,FP,Benign,False,False,False,True,False,False
FLOW_392579,0,BENIGN,1,0.86,FP,False,0,BENIGN,1,0.84,FP,False,FP -> FP,FP,FP,Benign,False,False,False,True,False,False
FLOW_392803,0,BENIGN,1,1.0,FP,False,0,BENIGN,1,1.0,FP,False,FP -> FP,FP,FP,Benign,False,False,False,True,False,False
FLOW_395748,0,BENIGN,1,0.96,FP,False,0,BENIGN,1,0.945,FP,False,FP -> FP,FP,FP,Benign,False,False,False,True,False,False
FLOW_397319,0,BENIGN,1,0.985,FP,False,0,BENIGN,1,0.985,FP,False,FP -> FP,FP,FP,Benign,False,False,False,True,False,False
FLOW_401386,0,BENIGN,1,0.99,FP,False,0,BENIGN,1,0.995,FP,False,FP -> FP,FP,FP,Benign,False,False,False,True,False,False
FLOW_400094,0,BENIGN,1,0.805,FP,False,0,BENIGN,1,0.835,FP,False,FP -> FP,FP,FP,Benign,False,False,False,True,False,False
FLOW_400588,0,BENIGN,1,0.95,FP,False,0,BENIGN,1,0.93,FP,False,FP -> FP,FP,FP,Benign,False,False,False,True,False,False
FLOW_403818,0,BENIGN,1,0.815,FP,False,0,BENIGN,1,0.775,FP,False,FP -> FP,FP,FP,Benign,False,False,False,True,False,False
FLOW_404500,0,BENIGN,1,0.995,FP,False,0,BENIGN,1,1.0,FP,False,FP -> FP,FP,FP,Benign,False,False,False,True,False,False
FLOW_406701,0,BENIGN,1,0.65,FP,False,0,BENIGN,1,0.665,FP,False,FP -> FP,FP,FP,Benign,False,False,False,True,False,False
FLOW_408655,0,BENIGN,1,0.995,FP,False,0,BENIGN,1,0.97,FP,False,FP -> FP,FP,FP,Benign,False,False,False,True,False,False
FLOW_410332,0,BENIGN,1,0.605,FP,False,0,BENIGN,1,0.545,FP,False,FP -> FP,FP,FP,Benign,False,False,False,True,False,False
FLOW_410367,0,BENIGN,1,0.78,FP,False,0,BENIGN,1,0.73,FP,False,FP -> FP,FP,FP,Benign,False,False,False,True,False,False
FLOW_409163,0,BENIGN,1,0.97,FP,False,0,BENIGN,1,0.96,FP,False,FP -> FP,FP,FP,Benign,False,False,False,True,False,False
FLOW_410180,0,BENIGN,1,0.975,FP,False,0,BENIGN,1,0.96,FP,False,FP -> FP,FP,FP,Benign,False,False,False,True,False,False
FLOW_406421,0,BENIGN,1,0.98,FP,False,0,BENIGN,1,0.955,FP,False,FP -> FP,FP,FP,Benign,False,False,False,True,False,False
FLOW_411787,0,BENIGN,1,0.995,FP,False,0,BENIGN,1,0.98,FP,False,FP -> FP,FP,FP,Benign,False,False,False,True,False,False
FLOW_414623,0,BENIGN,1,0.785,FP,False,0,BENIGN,1,0.805,FP,False,FP -> FP,FP,FP,Benign,False,False,False,True,False,False
FLOW_418863,0,BENIGN,1,0.99,FP,False,0,BENIGN,1,0.98,FP,False,FP -> FP,FP,FP,Benign,False,False,False,True,False,False
FLOW_418864,0,BENIGN,1,0.995,FP,False,0,BENIGN,1,0.97,FP,False,FP -> FP,FP,FP,Benign,False,False,False,True,False,False
FLOW_418868,0,BENIGN,1,0.98,FP,False,0,BENIGN,1,0.98,FP,False,FP -> FP,FP,FP,Benign,False,False,False,True,False,False
FLOW_415880,0,BENIGN,1,0.945,FP,False,0,BENIGN,1,0.935,FP,False,FP -> FP,FP,FP,Benign,False,False,False,True,False,False
FLOW_418890,0,BENIGN,1,0.945,FP,False,0,BENIGN,1,0.93,FP,False,FP -> FP,FP,FP,Benign,False,False,False,True,False,False
FLOW_419187,0,BENIGN,1,0.67,FP,False,0,BENIGN,1,0.625,FP,False,FP -> FP,FP,FP,Benign,False,False,False,True,False,False
FLOW_418916,0,BENIGN,1,0.97,FP,False,0,BENIGN,1,0.995,FP,False,FP -> FP,FP,FP,Benign,False,False,False,True,False,False
FLOW_419194,0,BENIGN,1,1.0,FP,False,0,BENIGN,1,1.0,FP,False,FP -> FP,FP,FP,Benign,False,False,False,True,False,False
FLOW_419195,0,BENIGN,1,1.0,FP,False,0,BENIGN,1,0.9999785867237688,FP,False,FP -> FP,FP,FP,Benign,False,False,False,True,False,False
FLOW_419200,0,BENIGN,1,1.0,FP,False,0,BENIGN,1,1.0,FP,False,FP -> FP,FP,FP,Benign,False,False,False,True,False,False
FLOW_419206,0,BENIGN,1,1.0,FP,False,0,BENIGN,1,1.0,FP,False,FP -> FP,FP,FP,Benign,False,False,False,True,False,False
FLOW_419210,0,BENIGN,1,1.0,FP,False,0,BENIGN,1,1.0,FP,False,FP -> FP,FP,FP,Benign,False,False,False,True,False,False
FLOW_419223,0,BENIGN,1,0.655,FP,False,0,BENIGN,1,0.605,FP,False,FP -> FP,FP,FP,Benign,False,False,False,True,False,False
FLOW_420795,0,BENIGN,1,0.61,FP,False,0,BENIGN,1,0.61,FP,False,FP -> FP,FP,FP,Benign,False,False,False,True,False,False
FLOW_422104,0,BENIGN,1,0.825,FP,False,0,BENIGN,1,0.84,FP,False,FP -> FP,FP,FP,Benign,False,False,False,True,False,False
FLOW_422987,0,BENIGN,1,1.0,FP,False,0,BENIGN,1,1.0,FP,False,FP -> FP,FP,FP,Benign,False,False,False,True,False,False
FLOW_424335,0,BENIGN,1,0.99,FP,False,0,BENIGN,1,0.995,FP,False,FP -> FP,FP,FP,Benign,False,False,False,True,False,False
FLOW_425241,0,BENIGN,1,0.895,FP,False,0,BENIGN,1,0.885,FP,False,FP -> FP,FP,FP,Benign,False,False,False,True,False,False
FLOW_426420,0,BENIGN,1,0.96,FP,False,0,BENIGN,1,0.95,FP,False,FP -> FP,FP,FP,Benign,False,False,False,True,False,False
FLOW_429034,0,BENIGN,1,0.78,FP,False,0,BENIGN,1,0.715,FP,False,FP -> FP,FP,FP,Benign,False,False,False,True,False,False
FLOW_431539,0,BENIGN,1,0.745,FP,False,0,BENIGN,1,0.725,FP,False,FP -> FP,FP,FP,Benign,False,False,False,True,False,False
FLOW_432638,0,BENIGN,1,1.0,FP,False,0,BENIGN,1,0.995,FP,False,FP -> FP,FP,FP,Benign,False,False,False,True,False,False
FLOW_435032,0,BENIGN,1,0.65,FP,False,0,BENIGN,1,0.64,FP,False,FP -> FP,FP,FP,Benign,False,False,False,True,False,False
FLOW_435096,0,BENIGN,1,0.695,FP,False,0,BENIGN,1,0.61,FP,False,FP -> FP,FP,FP,Benign,False,False,False,True,False,False
FLOW_433564,0,BENIGN,1,0.99,FP,False,0,BENIGN,1,0.98,FP,False,FP -> FP,FP,FP,Benign,False,False,False,True,False,False
FLOW_431652,0,BENIGN,1,0.97,FP,False,0,BENIGN,1,0.985,FP,False,FP -> FP,FP,FP,Benign,False,False,False,True,False,False
FLOW_441983,0,BENIGN,1,0.925,FP,False,0,BENIGN,1,0.955,FP,False,FP -> FP,FP,FP,Benign,False,False,False,True,False,False
FLOW_442945,0,BENIGN,1,0.71,FP,False,0,BENIGN,1,0.675,FP,False,FP -> FP,FP,FP,Benign,False,False,False,True,False,False
FLOW_441729,0,BENIGN,1,0.99,FP,False,0,BENIGN,1,0.985,FP,False,FP -> FP,FP,FP,Benign,False,False,False,True,False,False
FLOW_441808,0,BENIGN,1,0.98,FP,False,0,BENIGN,1,0.955,FP,False,FP -> FP,FP,FP,Benign,False,False,False,True,False,False
FLOW_446340,0,BENIGN,1,0.79,FP,False,0,BENIGN,1,0.695,FP,False,FP -> FP,FP,FP,Benign,False,False,False,True,False,False
FLOW_446427,0,BENIGN,1,1.0,FP,False,0,BENIGN,1,1.0,FP,False,FP -> FP,FP,FP,Benign,False,False,False,True,False,False
FLOW_446432,0,BENIGN,1,1.0,FP,False,0,BENIGN,1,1.0,FP,False,FP -> FP,FP,FP,Benign,False,False,False,True,False,False
FLOW_446449,0,BENIGN,1,1.0,FP,False,0,BENIGN,1,1.0,FP,False,FP -> FP,FP,FP,Benign,False,False,False,True,False,False
FLOW_447856,0,BENIGN,1,0.76,FP,False,0,BENIGN,1,0.695,FP,False,FP -> FP,FP,FP,Benign,False,False,False,True,False,False
FLOW_450786,0,BENIGN,1,0.995,FP,False,0,BENIGN,1,1.0,FP,False,FP -> FP,FP,FP,Benign,False,False,False,True,False,False
FLOW_450833,0,BENIGN,1,0.72,FP,False,0,BENIGN,1,0.69,FP,False,FP -> FP,FP,FP,Benign,False,False,False,True,False,False
FLOW_451664,0,BENIGN,1,0.76,FP,False,0,BENIGN,1,0.725,FP,False,FP -> FP,FP,FP,Benign,False,False,False,True,False,False
FLOW_448909,0,BENIGN,1,0.965,FP,False,0,BENIGN,1,0.935,FP,False,FP -> FP,FP,FP,Benign,False,False,False,True,False,False
FLOW_451798,0,BENIGN,1,0.985,FP,False,0,BENIGN,1,0.975,FP,False,FP -> FP,FP,FP,Benign,False,False,False,True,False,False
FLOW_453379,0,BENIGN,1,0.99,FP,False,0,BENIGN,1,0.98,FP,False,FP -> FP,FP,FP,Benign,False,False,False,True,False,False
FLOW_453404,0,BENIGN,1,0.995,FP,False,0,BENIGN,1,0.98,FP,False,FP -> FP,FP,FP,Benign,False,False,False,True,False,False
FLOW_453595,0,BENIGN,1,0.61,FP,False,0,BENIGN,1,0.535,FP,False,FP -> FP,FP,FP,Benign,False,False,False,True,False,False
FLOW_453598,0,BENIGN,1,0.605,FP,False,0,BENIGN,1,0.675,FP,False,FP -> FP,FP,FP,Benign,False,False,False,True,False,False
FLOW_453621,0,BENIGN,1,0.995,FP,False,0,BENIGN,1,1.0,FP,False,FP -> FP,FP,FP,Benign,False,False,False,True,False,False
FLOW_453808,0,BENIGN,1,0.815,FP,False,0,BENIGN,1,0.81,FP,False,FP -> FP,FP,FP,Benign,False,False,False,True,False,False
FLOW_453840,0,BENIGN,1,1.0,FP,False,0,BENIGN,1,1.0,FP,False,FP -> FP,FP,FP,Benign,False,False,False,True,False,False
FLOW_453653,0,BENIGN,1,0.96,FP,False,0,BENIGN,1,0.925,FP,False,FP -> FP,FP,FP,Benign,False,False,False,True,False,False
FLOW_453645,0,BENIGN,1,0.91,FP,False,0,BENIGN,1,0.93,FP,False,FP -> FP,FP,FP,Benign,False,False,False,True,False,False
FLOW_453667,0,BENIGN,1,0.615,FP,False,0,BENIGN,1,0.53,FP,False,FP -> FP,FP,FP,Benign,False,False,False,True,False,False
FLOW_453658,0,BENIGN,1,0.955,FP,False,0,BENIGN,1,0.975,FP,False,FP -> FP,FP,FP,Benign,False,False,False,True,False,False
FLOW_454267,0,BENIGN,1,0.705,FP,False,0,BENIGN,1,0.57,FP,False,FP -> FP,FP,FP,Benign,False,False,False,True,False,False
FLOW_454285,0,BENIGN,1,1.0,FP,False,0,BENIGN,1,1.0,FP,False,FP -> FP,FP,FP,Benign,False,False,False,True,False,False
FLOW_454296,0,BENIGN,1,0.9,FP,False,0,BENIGN,1,0.845,FP,False,FP -> FP,FP,FP,Benign,False,False,False,True,False,False
FLOW_454311,0,BENIGN,1,1.0,FP,False,0,BENIGN,1,0.995,FP,False,FP -> FP,FP,FP,Benign,False,False,False,True,False,False
FLOW_454309,0,BENIGN,1,0.995,FP,False,0,BENIGN,1,0.98,FP,False,FP -> FP,FP,FP,Benign,False,False,False,True,False,False
FLOW_454341,0,BENIGN,1,0.655,FP,False,0,BENIGN,1,0.63,FP,False,FP -> FP,FP,FP,Benign,False,False,False,True,False,False
FLOW_453737,0,BENIGN,1,0.94,FP,False,0,BENIGN,1,0.91,FP,False,FP -> FP,FP,FP,Benign,False,False,False,True,False,False
FLOW_454461,0,BENIGN,1,1.0,FP,False,0,BENIGN,1,1.0,FP,False,FP -> FP,FP,FP,Benign,False,False,False,True,False,False
FLOW_454466,0,BENIGN,1,0.995,FP,False,0,BENIGN,1,0.96,FP,False,FP -> FP,FP,FP,Benign,False,False,False,True,False,False
FLOW_454476,0,BENIGN,1,1.0,FP,False,0,BENIGN,1,1.0,FP,False,FP -> FP,FP,FP,Benign,False,False,False,True,False,False
FLOW_454711,0,BENIGN,1,1.0,FP,False,0,BENIGN,1,1.0,FP,False,FP -> FP,FP,FP,Benign,False,False,False,True,False,False
FLOW_454869,0,BENIGN,1,0.765,FP,False,0,BENIGN,1,0.67,FP,False,FP -> FP,FP,FP,Benign,False,False,False,True,False,False
FLOW_454871,0,BENIGN,1,0.9,FP,False,0,BENIGN,1,0.925,FP,False,FP -> FP,FP,FP,Benign,False,False,False,True,False,False
FLOW_454876,0,BENIGN,1,1.0,FP,False,0,BENIGN,1,1.0,FP,False,FP -> FP,FP,FP,Benign,False,False,False,True,False,False
FLOW_454884,0,BENIGN,1,0.94,FP,False,0,BENIGN,1,0.94,FP,False,FP -> FP,FP,FP,Benign,False,False,False,True,False,False
FLOW_454709,0,BENIGN,1,0.985,FP,False,0,BENIGN,1,0.96,FP,False,FP -> FP,FP,FP,Benign,False,False,False,True,False,False
FLOW_456147,0,BENIGN,1,0.98,FP,False,0,BENIGN,1,0.975,FP,False,FP -> FP,FP,FP,Benign,False,False,False,True,False,False
FLOW_456686,0,BENIGN,1,1.0,FP,False,0,BENIGN,1,1.0,FP,False,FP -> FP,FP,FP,Benign,False,False,False,True,False,False
FLOW_456728,0,BENIGN,1,0.665,FP,False,0,BENIGN,1,0.645,FP,False,FP -> FP,FP,FP,Benign,False,False,False,True,False,False
FLOW_456269,0,BENIGN,1,0.995,FP,False,0,BENIGN,1,1.0,FP,False,FP -> FP,FP,FP,Benign,False,False,False,True,False,False
FLOW_456830,0,BENIGN,1,0.64,FP,False,0,BENIGN,1,0.655,FP,False,FP -> FP,FP,FP,Benign,False,False,False,True,False,False
FLOW_457425,0,BENIGN,1,1.0,FP,False,0,BENIGN,1,1.0,FP,False,FP -> FP,FP,FP,Benign,False,False,False,True,False,False
FLOW_457571,0,BENIGN,1,0.995,FP,False,0,BENIGN,1,0.995,FP,False,FP -> FP,FP,FP,Benign,False,False,False,True,False,False
FLOW_457439,0,BENIGN,1,1.0,FP,False,0,BENIGN,1,0.985,FP,False,FP -> FP,FP,FP,Benign,False,False,False,True,False,False
FLOW_457939,0,BENIGN,1,0.855,FP,False,0,BENIGN,1,0.835,FP,False,FP -> FP,FP,FP,Benign,False,False,False,True,False,False
FLOW_457944,0,BENIGN,1,0.97,FP,False,0,BENIGN,1,0.985,FP,False,FP -> FP,FP,FP,Benign,False,False,False,True,False,False
FLOW_457947,0,BENIGN,1,0.905,FP,False,0,BENIGN,1,0.91,FP,False,FP -> FP,FP,FP,Benign,False,False,False,True,False,False
FLOW_458121,0,BENIGN,1,0.975,FP,False,0,BENIGN,1,0.99,FP,False,FP -> FP,FP,FP,Benign,False,False,False,True,False,False
FLOW_459024,0,BENIGN,1,0.775,FP,False,0,BENIGN,1,0.72,FP,False,FP -> FP,FP,FP,Benign,False,False,False,True,False,False
FLOW_458729,0,BENIGN,1,0.96,FP,False,0,BENIGN,1,0.975,FP,False,FP -> FP,FP,FP,Benign,False,False,False,True,False,False
FLOW_459285,0,BENIGN,1,0.61,FP,False,0,BENIGN,1,0.515,FP,False,FP -> FP,FP,FP,Benign,False,False,False,True,False,False
FLOW_459286,0,BENIGN,1,0.61,FP,False,0,BENIGN,1,0.515,FP,False,FP -> FP,FP,FP,Benign,False,False,False,True,False,False
FLOW_459320,0,BENIGN,1,0.745,FP,False,0,BENIGN,1,0.69,FP,False,FP -> FP,FP,FP,Benign,False,False,False,True,False,False
FLOW_460497,0,BENIGN,1,1.0,FP,False,0,BENIGN,1,0.99,FP,False,FP -> FP,FP,FP,Benign,False,False,False,True,False,False
FLOW_460546,0,BENIGN,1,0.655,FP,False,0,BENIGN,1,0.68,FP,False,FP -> FP,FP,FP,Benign,False,False,False,True,False,False
FLOW_460510,0,BENIGN,1,1.0,FP,False,0,BENIGN,1,1.0,FP,False,FP -> FP,FP,FP,Benign,False,False,False,True,False,False
FLOW_460557,0,BENIGN,1,0.825,FP,False,0,BENIGN,1,0.775,FP,False,FP -> FP,FP,FP,Benign,False,False,False,True,False,False
FLOW_460136,0,BENIGN,1,0.985,FP,False,0,BENIGN,1,0.975,FP,False,FP -> FP,FP,FP,Benign,False,False,False,True,False,False
FLOW_460152,0,BENIGN,1,0.855,FP,False,0,BENIGN,1,0.84,FP,False,FP -> FP,FP,FP,Benign,False,False,False,True,False,False
FLOW_460689,0,BENIGN,1,1.0,FP,False,0,BENIGN,1,0.985,FP,False,FP -> FP,FP,FP,Benign,False,False,False,True,False,False
FLOW_460448,0,BENIGN,1,0.965,FP,False,0,BENIGN,1,0.97,FP,False,FP -> FP,FP,FP,Benign,False,False,False,True,False,False
FLOW_461156,0,BENIGN,1,0.945,FP,False,0,BENIGN,1,0.925,FP,False,FP -> FP,FP,FP,Benign,False,False,False,True,False,False
FLOW_453975,0,BENIGN,1,0.95,FP,False,0,BENIGN,1,0.9,FP,False,FP -> FP,FP,FP,Benign,False,False,False,True,False,False
FLOW_462605,0,BENIGN,1,1.0,FP,False,0,BENIGN,1,0.995,FP,False,FP -> FP,FP,FP,Benign,False,False,False,True,False,False
FLOW_462609,0,BENIGN,1,0.705,FP,False,0,BENIGN,1,0.73,FP,False,FP -> FP,FP,FP,Benign,False,False,False,True,False,False
FLOW_462635,0,BENIGN,1,1.0,FP,False,0,BENIGN,1,1.0,FP,False,FP -> FP,FP,FP,Benign,False,False,False,True,False,False
FLOW_462647,0,BENIGN,1,1.0,FP,False,0,BENIGN,1,1.0,FP,False,FP -> FP,FP,FP,Benign,False,False,False,True,False,False
FLOW_462654,0,BENIGN,1,0.565,FP,False,0,BENIGN,1,0.55,FP,False,FP -> FP,FP,FP,Benign,False,False,False,True,False,False
FLOW_462655,0,BENIGN,1,1.0,FP,False,0,BENIGN,1,0.995,FP,False,FP -> FP,FP,FP,Benign,False,False,False,True,False,False
FLOW_462667,0,BENIGN,1,1.0,FP,False,0,BENIGN,1,1.0,FP,False,FP -> FP,FP,FP,Benign,False,False,False,True,False,False
FLOW_462679,0,BENIGN,1,1.0,FP,False,0,BENIGN,1,1.0,FP,False,FP -> FP,FP,FP,Benign,False,False,False,True,False,False
FLOW_465839,0,BENIGN,1,0.825,FP,False,0,BENIGN,1,0.695,FP,False,FP -> FP,FP,FP,Benign,False,False,False,True,False,False
FLOW_466278,0,BENIGN,1,0.98,FP,False,0,BENIGN,1,1.0,FP,False,FP -> FP,FP,FP,Benign,False,False,False,True,False,False
FLOW_473160,0,BENIGN,1,1.0,FP,False,0,BENIGN,1,1.0,FP,False,FP -> FP,FP,FP,Benign,False,False,False,True,False,False
FLOW_476144,0,BENIGN,1,0.725,FP,False,0,BENIGN,1,0.665,FP,False,FP -> FP,FP,FP,Benign,False,False,False,True,False,False
FLOW_476646,0,BENIGN,1,0.99,FP,False,0,BENIGN,1,0.995,FP,False,FP -> FP,FP,FP,Benign,False,False,False,True,False,False
FLOW_477318,0,BENIGN,1,0.675,FP,False,0,BENIGN,1,0.555,FP,False,FP -> FP,FP,FP,Benign,False,False,False,True,False,False
FLOW_477519,0,BENIGN,1,0.685,FP,False,0,BENIGN,1,0.635,FP,False,FP -> FP,FP,FP,Benign,False,False,False,True,False,False
FLOW_474814,0,BENIGN,1,1.0,FP,False,0,BENIGN,1,1.0,FP,False,FP -> FP,FP,FP,Benign,False,False,False,True,False,False
FLOW_476181,0,BENIGN,1,0.975,FP,False,0,BENIGN,1,0.985,FP,False,FP -> FP,FP,FP,Benign,False,False,False,True,False,False
FLOW_477252,0,BENIGN,1,0.985,FP,False,0,BENIGN,1,0.965,FP,False,FP -> FP,FP,FP,Benign,False,False,False,True,False,False
FLOW_474791,0,BENIGN,1,0.915,FP,False,0,BENIGN,1,0.93,FP,False,FP -> FP,FP,FP,Benign,False,False,False,True,False,False
FLOW_481106,0,BENIGN,1,0.615,FP,False,0,BENIGN,1,0.535,FP,False,FP -> FP,FP,FP,Benign,False,False,False,True,False,False
FLOW_481910,0,BENIGN,1,0.74,FP,False,0,BENIGN,1,0.735,FP,False,FP -> FP,FP,FP,Benign,False,False,False,True,False,False
FLOW_482772,0,BENIGN,1,0.875,FP,False,0,BENIGN,1,0.845,FP,False,FP -> FP,FP,FP,Benign,False,False,False,True,False,False
FLOW_483514,0,BENIGN,1,0.615,FP,False,0,BENIGN,1,0.66,FP,False,FP -> FP,FP,FP,Benign,False,False,False,True,False,False
FLOW_485233,0,BENIGN,1,0.755,FP,False,0,BENIGN,1,0.65,FP,False,FP -> FP,FP,FP,Benign,False,False,False,True,False,False
FLOW_486029,0,BENIGN,1,0.92,FP,False,0,BENIGN,1,0.96,FP,False,FP -> FP,FP,FP,Benign,False,False,False,True,False,False
FLOW_485870,0,BENIGN,1,0.835,FP,False,0,BENIGN,1,0.765,FP,False,FP -> FP,FP,FP,Benign,False,False,False,True,False,False
FLOW_486338,0,BENIGN,1,0.805,FP,False,0,BENIGN,1,0.825,FP,False,FP -> FP,FP,FP,Benign,False,False,False,True,False,False
FLOW_486348,0,BENIGN,1,0.995,FP,False,0,BENIGN,1,0.995,FP,False,FP -> FP,FP,FP,Benign,False,False,False,True,False,False
FLOW_486721,0,BENIGN,1,0.995,FP,False,0,BENIGN,1,1.0,FP,False,FP -> FP,FP,FP,Benign,False,False,False,True,False,False
FLOW_484113,0,BENIGN,1,0.99,FP,False,0,BENIGN,1,1.0,FP,False,FP -> FP,FP,FP,Benign,False,False,False,True,False,False
FLOW_484156,0,BENIGN,1,0.95,FP,False,0,BENIGN,1,0.9,FP,False,FP -> FP,FP,FP,Benign,False,False,False,True,False,False
FLOW_487385,0,BENIGN,1,0.66,FP,False,0,BENIGN,1,0.655,FP,False,FP -> FP,FP,FP,Benign,False,False,False,True,False,False
FLOW_487390,0,BENIGN,1,0.995,FP,False,0,BENIGN,1,0.995,FP,False,FP -> FP,FP,FP,Benign,False,False,False,True,False,False
FLOW_487401,0,BENIGN,1,0.96,FP,False,0,BENIGN,1,0.97,FP,False,FP -> FP,FP,FP,Benign,False,False,False,True,False,False
FLOW_487413,0,BENIGN,1,0.895,FP,False,0,BENIGN,1,0.815,FP,False,FP -> FP,FP,FP,Benign,False,False,False,True,False,False
FLOW_487428,0,BENIGN,1,0.85,FP,False,0,BENIGN,1,0.86,FP,False,FP -> FP,FP,FP,Benign,False,False,False,True,False,False
FLOW_487471,0,BENIGN,1,0.895,FP,False,0,BENIGN,1,0.91,FP,False,FP -> FP,FP,FP,Benign,False,False,False,True,False,False
FLOW_484476,0,BENIGN,1,0.995,FP,False,0,BENIGN,1,1.0,FP,False,FP -> FP,FP,FP,Benign,False,False,False,True,False,False
FLOW_488428,0,BENIGN,1,1.0,FP,False,0,BENIGN,1,1.0,FP,False,FP -> FP,FP,FP,Benign,False,False,False,True,False,False
FLOW_488530,0,BENIGN,1,0.94,FP,False,0,BENIGN,1,0.905,FP,False,FP -> FP,FP,FP,Benign,False,False,False,True,False,False
FLOW_488674,0,BENIGN,1,0.985,FP,False,0,BENIGN,1,0.975,FP,False,FP -> FP,FP,FP,Benign,False,False,False,True,False,False
FLOW_488682,0,BENIGN,1,0.925,FP,False,0,BENIGN,1,0.87,FP,False,FP -> FP,FP,FP,Benign,False,False,False,True,False,False
FLOW_488685,0,BENIGN,1,0.94,FP,False,0,BENIGN,1,0.95,FP,False,FP -> FP,FP,FP,Benign,False,False,False,True,False,False
FLOW_488751,0,BENIGN,1,1.0,FP,False,0,BENIGN,1,0.995,FP,False,FP -> FP,FP,FP,Benign,False,False,False,True,False,False
FLOW_488759,0,BENIGN,1,1.0,FP,False,0,BENIGN,1,1.0,FP,False,FP -> FP,FP,FP,Benign,False,False,False,True,False,False
FLOW_488765,0,BENIGN,1,0.52,FP,False,0,BENIGN,1,0.595,FP,False,FP -> FP,FP,FP,Benign,False,False,False,True,False,False
FLOW_489854,0,BENIGN,1,1.0,FP,False,0,BENIGN,1,0.995,FP,False,FP -> FP,FP,FP,Benign,False,False,False,True,False,False
FLOW_489861,0,BENIGN,1,0.89,FP,False,0,BENIGN,1,0.91,FP,False,FP -> FP,FP,FP,Benign,False,False,False,True,False,False
FLOW_490015,0,BENIGN,1,0.85,FP,False,0,BENIGN,1,0.735,FP,False,FP -> FP,FP,FP,Benign,False,False,False,True,False,False
FLOW_490023,0,BENIGN,1,0.995,FP,False,0,BENIGN,1,1.0,FP,False,FP -> FP,FP,FP,Benign,False,False,False,True,False,False
FLOW_490032,0,BENIGN,1,0.98,FP,False,0,BENIGN,1,0.995,FP,False,FP -> FP,FP,FP,Benign,False,False,False,True,False,False
FLOW_490035,0,BENIGN,1,0.98,FP,False,0,BENIGN,1,0.99,FP,False,FP -> FP,FP,FP,Benign,False,False,False,True,False,False
FLOW_490321,0,BENIGN,1,0.635,FP,False,0,BENIGN,1,0.715,FP,False,FP -> FP,FP,FP,Benign,False,False,False,True,False,False
FLOW_491709,0,BENIGN,1,1.0,FP,False,0,BENIGN,1,1.0,FP,False,FP -> FP,FP,FP,Benign,False,False,False,True,False,False
FLOW_494070,0,BENIGN,1,0.985,FP,False,0,BENIGN,1,1.0,FP,False,FP -> FP,FP,FP,Benign,False,False,False,True,False,False
FLOW_494623,0,BENIGN,1,0.74,FP,False,0,BENIGN,1,0.735,FP,False,FP -> FP,FP,FP,Benign,False,False,False,True,False,False
FLOW_495838,0,BENIGN,1,0.97,FP,False,0,BENIGN,1,0.98,FP,False,FP -> FP,FP,FP,Benign,False,False,False,True,False,False
FLOW_499779,0,BENIGN,1,0.89,FP,False,0,BENIGN,1,0.87,FP,False,FP -> FP,FP,FP,Benign,False,False,False,True,False,False
FLOW_501834,0,BENIGN,1,1.0,FP,False,0,BENIGN,1,1.0,FP,False,FP -> FP,FP,FP,Benign,False,False,False,True,False,False
FLOW_501868,0,BENIGN,1,1.0,FP,False,0,BENIGN,1,1.0,FP,False,FP -> FP,FP,FP,Benign,False,False,False,True,False,False
FLOW_497591,0,BENIGN,1,0.995,FP,False,0,BENIGN,1,0.985,FP,False,FP -> FP,FP,FP,Benign,False,False,False,True,False,False
FLOW_502838,0,BENIGN,1,0.71,FP,False,0,BENIGN,1,0.715,FP,False,FP -> FP,FP,FP,Benign,False,False,False,True,False,False
FLOW_503178,0,BENIGN,1,0.735,FP,False,0,BENIGN,1,0.67,FP,False,FP -> FP,FP,FP,Benign,False,False,False,True,False,False
FLOW_504616,0,BENIGN,1,0.6,FP,False,0,BENIGN,1,0.56,FP,False,FP -> FP,FP,FP,Benign,False,False,False,True,False,False
FLOW_504623,0,BENIGN,1,1.0,FP,False,0,BENIGN,1,1.0,FP,False,FP -> FP,FP,FP,Benign,False,False,False,True,False,False
FLOW_504662,0,BENIGN,1,0.605,FP,False,0,BENIGN,1,0.525,FP,False,FP -> FP,FP,FP,Benign,False,False,False,True,False,False
FLOW_503453,0,BENIGN,1,0.975,FP,False,0,BENIGN,1,0.985,FP,False,FP -> FP,FP,FP,Benign,False,False,False,True,False,False
FLOW_505637,0,BENIGN,1,0.565,FP,False,0,BENIGN,1,0.505,FP,False,FP -> FP,FP,FP,Benign,False,False,False,True,False,False
FLOW_505642,0,BENIGN,1,1.0,FP,False,0,BENIGN,1,0.995,FP,False,FP -> FP,FP,FP,Benign,False,False,False,True,False,False
FLOW_506834,0,BENIGN,1,1.0,FP,False,0,BENIGN,1,0.995,FP,False,FP -> FP,FP,FP,Benign,False,False,False,True,False,False
FLOW_506836,0,BENIGN,1,0.925,FP,False,0,BENIGN,1,0.93,FP,False,FP -> FP,FP,FP,Benign,False,False,False,True,False,False
FLOW_506992,0,BENIGN,1,0.995,FP,False,0,BENIGN,1,1.0,FP,False,FP -> FP,FP,FP,Benign,False,False,False,True,False,False
FLOW_506995,0,BENIGN,1,0.79,FP,False,0,BENIGN,1,0.805,FP,False,FP -> FP,FP,FP,Benign,False,False,False,True,False,False
FLOW_507002,0,BENIGN,1,0.825,FP,False,0,BENIGN,1,0.76,FP,False,FP -> FP,FP,FP,Benign,False,False,False,True,False,False
FLOW_507003,0,BENIGN,1,0.98,FP,False,0,BENIGN,1,0.985,FP,False,FP -> FP,FP,FP,Benign,False,False,False,True,False,False
FLOW_507009,0,BENIGN,1,1.0,FP,False,0,BENIGN,1,1.0,FP,False,FP -> FP,FP,FP,Benign,False,False,False,True,False,False
FLOW_507039,0,BENIGN,1,0.68,FP,False,0,BENIGN,1,0.63,FP,False,FP -> FP,FP,FP,Benign,False,False,False,True,False,False
FLOW_507019,0,BENIGN,1,1.0,FP,False,0,BENIGN,1,1.0,FP,False,FP -> FP,FP,FP,Benign,False,False,False,True,False,False
FLOW_508927,0,BENIGN,1,0.995,FP,False,0,BENIGN,1,0.99,FP,False,FP -> FP,FP,FP,Benign,False,False,False,True,False,False
FLOW_509140,0,BENIGN,1,1.0,FP,False,0,BENIGN,1,0.995,FP,False,FP -> FP,FP,FP,Benign,False,False,False,True,False,False
FLOW_512019,0,BENIGN,1,0.725,FP,False,0,BENIGN,1,0.72,FP,False,FP -> FP,FP,FP,Benign,False,False,False,True,False,False
FLOW_512071,0,BENIGN,1,0.99,FP,False,0,BENIGN,1,0.98,FP,False,FP -> FP,FP,FP,Benign,False,False,False,True,False,False
FLOW_515289,0,BENIGN,1,0.995,FP,False,0,BENIGN,1,1.0,FP,False,FP -> FP,FP,FP,Benign,False,False,False,True,False,False
FLOW_515313,0,BENIGN,1,0.67,FP,False,0,BENIGN,1,0.635,FP,False,FP -> FP,FP,FP,Benign,False,False,False,True,False,False
FLOW_515449,0,BENIGN,1,0.9,FP,False,0,BENIGN,1,0.89,FP,False,FP -> FP,FP,FP,Benign,False,False,False,True,False,False
FLOW_516363,0,BENIGN,1,0.71,FP,False,0,BENIGN,1,0.76,FP,False,FP -> FP,FP,FP,Benign,False,False,False,True,False,False
FLOW_516789,0,BENIGN,1,0.99,FP,False,0,BENIGN,1,1.0,FP,False,FP -> FP,FP,FP,Benign,False,False,False,True,False,False
FLOW_518663,0,BENIGN,1,1.0,FP,False,0,BENIGN,1,1.0,FP,False,FP -> FP,FP,FP,Benign,False,False,False,True,False,False
FLOW_520334,0,BENIGN,1,0.68,FP,False,0,BENIGN,1,0.56,FP,False,FP -> FP,FP,FP,Benign,False,False,False,True,False,False
FLOW_520213,0,BENIGN,1,0.975,FP,False,0,BENIGN,1,0.985,FP,False,FP -> FP,FP,FP,Benign,False,False,False,True,False,False
FLOW_520708,0,BENIGN,1,0.675,FP,False,0,BENIGN,1,0.695,FP,False,FP -> FP,FP,FP,Benign,False,False,False,True,False,False
FLOW_519364,0,BENIGN,1,0.965,FP,False,0,BENIGN,1,0.975,FP,False,FP -> FP,FP,FP,Benign,False,False,False,True,False,False
FLOW_522096,0,BENIGN,1,0.79,FP,False,0,BENIGN,1,0.81,FP,False,FP -> FP,FP,FP,Benign,False,False,False,True,False,False
FLOW_522101,0,BENIGN,1,0.59,FP,False,0,BENIGN,1,0.615,FP,False,FP -> FP,FP,FP,Benign,False,False,False,True,False,False
FLOW_522169,0,BENIGN,1,0.98,FP,False,0,BENIGN,1,0.985,FP,False,FP -> FP,FP,FP,Benign,False,False,False,True,False,False
FLOW_522227,0,BENIGN,1,0.94,FP,False,0,BENIGN,1,0.955,FP,False,FP -> FP,FP,FP,Benign,False,False,False,True,False,False
FLOW_522261,0,BENIGN,1,0.845,FP,False,0,BENIGN,1,0.865,FP,False,FP -> FP,FP,FP,Benign,False,False,False,True,False,False
FLOW_522283,0,BENIGN,1,0.97,FP,False,0,BENIGN,1,0.97,FP,False,FP -> FP,FP,FP,Benign,False,False,False,True,False,False
FLOW_522282,0,BENIGN,1,0.995,FP,False,0,BENIGN,1,0.97,FP,False,FP -> FP,FP,FP,Benign,False,False,False,True,False,False
FLOW_522356,0,BENIGN,1,1.0,FP,False,0,BENIGN,1,1.0,FP,False,FP -> FP,FP,FP,Benign,False,False,False,True,False,False
FLOW_522402,0,BENIGN,1,0.995,FP,False,0,BENIGN,1,0.98,FP,False,FP -> FP,FP,FP,Benign,False,False,False,True,False,False
FLOW_522483,0,BENIGN,1,1.0,FP,False,0,BENIGN,1,1.0,FP,False,FP -> FP,FP,FP,Benign,False,False,False,True,False,False
FLOW_522484,0,BENIGN,1,1.0,FP,False,0,BENIGN,1,1.0,FP,False,FP -> FP,FP,FP,Benign,False,False,False,True,False,False
FLOW_522405,0,BENIGN,1,1.0,FP,False,0,BENIGN,1,0.99,FP,False,FP -> FP,FP,FP,Benign,False,False,False,True,False,False
FLOW_522494,0,BENIGN,1,0.974954954954955,FP,False,0,BENIGN,1,0.94,FP,False,FP -> FP,FP,FP,Benign,False,False,False,True,False,False
FLOW_522525,0,BENIGN,1,0.995,FP,False,0,BENIGN,1,0.98,FP,False,FP -> FP,FP,FP,Benign,False,False,False,True,False,False
FLOW_522675,0,BENIGN,1,1.0,FP,False,0,BENIGN,1,1.0,FP,False,FP -> FP,FP,FP,Benign,False,False,False,True,False,False
FLOW_523611,0,BENIGN,1,0.85,FP,False,0,BENIGN,1,0.855,FP,False,FP -> FP,FP,FP,Benign,False,False,False,True,False,False
FLOW_523161,0,BENIGN,1,0.875,FP,False,0,BENIGN,1,0.815,FP,False,FP -> FP,FP,FP,Benign,False,False,False,True,False,False
FLOW_523157,0,BENIGN,1,0.9,FP,False,0,BENIGN,1,0.89,FP,False,FP -> FP,FP,FP,Benign,False,False,False,True,False,False
FLOW_523173,0,BENIGN,1,0.805,FP,False,0,BENIGN,1,0.77,FP,False,FP -> FP,FP,FP,Benign,False,False,False,True,False,False
FLOW_523786,0,BENIGN,1,1.0,FP,False,0,BENIGN,1,1.0,FP,False,FP -> FP,FP,FP,Benign,False,False,False,True,False,False
FLOW_523800,0,BENIGN,1,0.73,FP,False,0,BENIGN,1,0.795,FP,False,FP -> FP,FP,FP,Benign,False,False,False,True,False,False
FLOW_523972,0,BENIGN,1,0.66,FP,False,0,BENIGN,1,0.675,FP,False,FP -> FP,FP,FP,Benign,False,False,False,True,False,False
FLOW_523974,0,BENIGN,1,1.0,FP,False,0,BENIGN,1,1.0,FP,False,FP -> FP,FP,FP,Benign,False,False,False,True,False,False
FLOW_523828,0,BENIGN,1,0.955,FP,False,0,BENIGN,1,0.945,FP,False,FP -> FP,FP,FP,Benign,False,False,False,True,False,False
FLOW_523848,0,BENIGN,1,0.985,FP,False,0,BENIGN,1,0.995,FP,False,FP -> FP,FP,FP,Benign,False,False,False,True,False,False
FLOW_524448,0,BENIGN,1,0.645,FP,False,0,BENIGN,1,0.575,FP,False,FP -> FP,FP,FP,Benign,False,False,False,True,False,False
FLOW_524041,0,BENIGN,1,0.905,FP,False,0,BENIGN,1,0.89,FP,False,FP -> FP,FP,FP,Benign,False,False,False,True,False,False
FLOW_524591,0,BENIGN,1,0.82,FP,False,0,BENIGN,1,0.775,FP,False,FP -> FP,FP,FP,Benign,False,False,False,True,False,False
FLOW_524183,0,BENIGN,1,0.965,FP,False,0,BENIGN,1,0.96,FP,False,FP -> FP,FP,FP,Benign,False,False,False,True,False,False
FLOW_524326,0,BENIGN,1,0.98,FP,False,0,BENIGN,1,0.95,FP,False,FP -> FP,FP,FP,Benign,False,False,False,True,False,False
FLOW_524333,0,BENIGN,1,0.965,FP,False,0,BENIGN,1,0.98,FP,False,FP -> FP,FP,FP,Benign,False,False,False,True,False,False
FLOW_524885,0,BENIGN,1,0.99,FP,False,0,BENIGN,1,0.995,FP,False,FP -> FP,FP,FP,Benign,False,False,False,True,False,False
FLOW_524889,0,BENIGN,1,0.94,FP,False,0,BENIGN,1,0.95,FP,False,FP -> FP,FP,FP,Benign,False,False,False,True,False,False
FLOW_524406,0,BENIGN,1,0.995,FP,False,0,BENIGN,1,0.97,FP,False,FP -> FP,FP,FP,Benign,False,False,False,True,False,False
FLOW_524462,0,BENIGN,1,0.81,FP,False,0,BENIGN,1,0.765,FP,False,FP -> FP,FP,FP,Benign,False,False,False,True,False,False
FLOW_524490,0,BENIGN,1,0.955,FP,False,0,BENIGN,1,0.955,FP,False,FP -> FP,FP,FP,Benign,False,False,False,True,False,False
FLOW_525045,0,BENIGN,1,0.905,FP,False,0,BENIGN,1,0.95,FP,False,FP -> FP,FP,FP,Benign,False,False,False,True,False,False
FLOW_525051,0,BENIGN,1,0.68,FP,False,0,BENIGN,1,0.685,FP,False,FP -> FP,FP,FP,Benign,False,False,False,True,False,False
FLOW_525083,0,BENIGN,1,0.995,FP,False,0,BENIGN,1,0.985,FP,False,FP -> FP,FP,FP,Benign,False,False,False,True,False,False
FLOW_524607,0,BENIGN,1,0.64,FP,False,0,BENIGN,1,0.64,FP,False,FP -> FP,FP,FP,Benign,False,False,False,True,False,False
FLOW_524620,0,BENIGN,1,0.92,FP,False,0,BENIGN,1,0.91,FP,False,FP -> FP,FP,FP,Benign,False,False,False,True,False,False
FLOW_525188,0,BENIGN,1,0.615,FP,False,0,BENIGN,1,0.615,FP,False,FP -> FP,FP,FP,Benign,False,False,False,True,False,False
FLOW_525202,0,BENIGN,1,1.0,FP,False,0,BENIGN,1,1.0,FP,False,FP -> FP,FP,FP,Benign,False,False,False,True,False,False
FLOW_525214,0,BENIGN,1,1.0,FP,False,0,BENIGN,1,1.0,FP,False,FP -> FP,FP,FP,Benign,False,False,False,True,False,False
FLOW_525374,0,BENIGN,1,0.685,FP,False,0,BENIGN,1,0.745,FP,False,FP -> FP,FP,FP,Benign,False,False,False,True,False,False
FLOW_524892,0,BENIGN,1,0.95,FP,False,0,BENIGN,1,0.91,FP,False,FP -> FP,FP,FP,Benign,False,False,False,True,False,False
FLOW_525082,0,BENIGN,1,0.71,FP,False,0,BENIGN,1,0.595,FP,False,FP -> FP,FP,FP,Benign,False,False,False,True,False,False
FLOW_525071,0,BENIGN,1,0.68,FP,False,0,BENIGN,1,0.61,FP,False,FP -> FP,FP,FP,Benign,False,False,False,True,False,False
FLOW_525673,0,BENIGN,1,1.0,FP,False,0,BENIGN,1,1.0,FP,False,FP -> FP,FP,FP,Benign,False,False,False,True,False,False
FLOW_525821,0,BENIGN,1,0.9,FP,False,0,BENIGN,1,0.835,FP,False,FP -> FP,FP,FP,Benign,False,False,False,True,False,False
FLOW_525398,0,BENIGN,1,0.76,FP,False,0,BENIGN,1,0.715,FP,False,FP -> FP,FP,FP,Benign,False,False,False,True,False,False
FLOW_525424,0,BENIGN,1,0.905,FP,False,0,BENIGN,1,0.84,FP,False,FP -> FP,FP,FP,Benign,False,False,False,True,False,False
FLOW_525962,0,BENIGN,1,1.0,FP,False,0,BENIGN,1,0.995,FP,False,FP -> FP,FP,FP,Benign,False,False,False,True,False,False
FLOW_525977,0,BENIGN,1,0.92,FP,False,0,BENIGN,1,0.835,FP,False,FP -> FP,FP,FP,Benign,False,False,False,True,False,False
FLOW_525527,0,BENIGN,1,0.85,FP,False,0,BENIGN,1,0.805,FP,False,FP -> FP,FP,FP,Benign,False,False,False,True,False,False
FLOW_526124,0,BENIGN,1,0.565,FP,False,0,BENIGN,1,0.655,FP,False,FP -> FP,FP,FP,Benign,False,False,False,True,False,False
FLOW_526278,0,BENIGN,1,0.945,FP,False,0,BENIGN,1,0.915,FP,False,FP -> FP,FP,FP,Benign,False,False,False,True,False,False
FLOW_525826,0,BENIGN,1,0.97,FP,False,0,BENIGN,1,0.975,FP,False,FP -> FP,FP,FP,Benign,False,False,False,True,False,False
FLOW_526424,0,BENIGN,1,0.605,FP,False,0,BENIGN,1,0.64,FP,False,FP -> FP,FP,FP,Benign,False,False,False,True,False,False
FLOW_525987,0,BENIGN,1,0.985,FP,False,0,BENIGN,1,0.97,FP,False,FP -> FP,FP,FP,Benign,False,False,False,True,False,False
FLOW_526685,0,BENIGN,1,0.675,FP,False,0,BENIGN,1,0.56,FP,False,FP -> FP,FP,FP,Benign,False,False,False,True,False,False
FLOW_527249,0,BENIGN,1,1.0,FP,False,0,BENIGN,1,1.0,FP,False,FP -> FP,FP,FP,Benign,False,False,False,True,False,False
FLOW_527257,0,BENIGN,1,0.995,FP,False,0,BENIGN,1,0.995,FP,False,FP -> FP,FP,FP,Benign,False,False,False,True,False,False
FLOW_527253,0,BENIGN,1,1.0,FP,False,0,BENIGN,1,1.0,FP,False,FP -> FP,FP,FP,Benign,False,False,False,True,False,False
FLOW_529378,0,BENIGN,1,0.945,FP,False,0,BENIGN,1,0.94,FP,False,FP -> FP,FP,FP,Benign,False,False,False,True,False,False
FLOW_529949,0,BENIGN,1,1.0,FP,False,0,BENIGN,1,1.0,FP,False,FP -> FP,FP,FP,Benign,False,False,False,True,False,False
FLOW_529626,0,BENIGN,1,0.995,FP,False,0,BENIGN,1,0.99,FP,False,FP -> FP,FP,FP,Benign,False,False,False,True,False,False
FLOW_529624,0,BENIGN,1,0.915,FP,False,0,BENIGN,1,0.885,FP,False,FP -> FP,FP,FP,Benign,False,False,False,True,False,False
FLOW_529636,0,BENIGN,1,0.98,FP,False,0,BENIGN,1,0.975,FP,False,FP -> FP,FP,FP,Benign,False,False,False,True,False,False
FLOW_530098,0,BENIGN,1,0.91,FP,False,0,BENIGN,1,0.795,FP,False,FP -> FP,FP,FP,Benign,False,False,False,True,False,False
FLOW_530118,0,BENIGN,1,0.99,FP,False,0,BENIGN,1,0.99,FP,False,FP -> FP,FP,FP,Benign,False,False,False,True,False,False
FLOW_530148,0,BENIGN,1,0.975,FP,False,0,BENIGN,1,0.965,FP,False,FP -> FP,FP,FP,Benign,False,False,False,True,False,False
FLOW_530183,0,BENIGN,1,0.885,FP,False,0,BENIGN,1,0.845,FP,False,FP -> FP,FP,FP,Benign,False,False,False,True,False,False
FLOW_530198,0,BENIGN,1,0.9,FP,False,0,BENIGN,1,0.87,FP,False,FP -> FP,FP,FP,Benign,False,False,False,True,False,False
FLOW_530199,0,BENIGN,1,0.905,FP,False,0,BENIGN,1,0.835,FP,False,FP -> FP,FP,FP,Benign,False,False,False,True,False,False
FLOW_527803,0,BENIGN,1,0.95,FP,False,0,BENIGN,1,0.94,FP,False,FP -> FP,FP,FP,Benign,False,False,False,True,False,False
FLOW_530464,0,BENIGN,1,0.96,FP,False,0,BENIGN,1,0.965,FP,False,FP -> FP,FP,FP,Benign,False,False,False,True,False,False
FLOW_530477,0,BENIGN,1,0.995,FP,False,0,BENIGN,1,0.985,FP,False,FP -> FP,FP,FP,Benign,False,False,False,True,False,False
FLOW_530859,0,BENIGN,1,0.9,FP,False,0,BENIGN,1,0.86,FP,False,FP -> FP,FP,FP,Benign,False,False,False,True,False,False
FLOW_531116,0,BENIGN,1,0.905,FP,False,0,BENIGN,1,0.91,FP,False,FP -> FP,FP,FP,Benign,False,False,False,True,False,False
FLOW_531122,0,BENIGN,1,0.59,FP,False,0,BENIGN,1,0.515,FP,False,FP -> FP,FP,FP,Benign,False,False,False,True,False,False
FLOW_538854,0,BENIGN,1,1.0,FP,False,0,BENIGN,1,1.0,FP,False,FP -> FP,FP,FP,Benign,False,False,False,True,False,False
FLOW_537688,0,BENIGN,1,0.95,FP,False,0,BENIGN,1,0.96,FP,False,FP -> FP,FP,FP,Benign,False,False,False,True,False,False
FLOW_539983,0,BENIGN,1,0.975,FP,False,0,BENIGN,1,0.965,FP,False,FP -> FP,FP,FP,Benign,False,False,False,True,False,False
FLOW_540001,0,BENIGN,1,0.645,FP,False,0,BENIGN,1,0.735,FP,False,FP -> FP,FP,FP,Benign,False,False,False,True,False,False
FLOW_540072,0,BENIGN,1,1.0,FP,False,0,BENIGN,1,1.0,FP,False,FP -> FP,FP,FP,Benign,False,False,False,True,False,False
FLOW_540065,0,BENIGN,1,1.0,FP,False,0,BENIGN,1,1.0,FP,False,FP -> FP,FP,FP,Benign,False,False,False,True,False,False
FLOW_540184,0,BENIGN,1,1.0,FP,False,0,BENIGN,1,1.0,FP,False,FP -> FP,FP,FP,Benign,False,False,False,True,False,False
FLOW_540185,0,BENIGN,1,0.665,FP,False,0,BENIGN,1,0.595,FP,False,FP -> FP,FP,FP,Benign,False,False,False,True,False,False
FLOW_544010,0,BENIGN,1,1.0,FP,False,0,BENIGN,1,1.0,FP,False,FP -> FP,FP,FP,Benign,False,False,False,True,False,False
FLOW_544448,0,BENIGN,1,0.945,FP,False,0,BENIGN,1,0.955,FP,False,FP -> FP,FP,FP,Benign,False,False,False,True,False,False
FLOW_545337,0,BENIGN,1,0.685,FP,False,0,BENIGN,1,0.63,FP,False,FP -> FP,FP,FP,Benign,False,False,False,True,False,False
FLOW_545548,0,BENIGN,1,1.0,FP,False,0,BENIGN,1,1.0,FP,False,FP -> FP,FP,FP,Benign,False,False,False,True,False,False
FLOW_546085,0,BENIGN,1,0.745,FP,False,0,BENIGN,1,0.78,FP,False,FP -> FP,FP,FP,Benign,False,False,False,True,False,False
FLOW_546765,0,BENIGN,1,0.89,FP,False,0,BENIGN,1,0.81,FP,False,FP -> FP,FP,FP,Benign,False,False,False,True,False,False
FLOW_546825,0,BENIGN,1,1.0,FP,False,0,BENIGN,1,0.99,FP,False,FP -> FP,FP,FP,Benign,False,False,False,True,False,False
FLOW_547186,0,BENIGN,1,0.74,FP,False,0,BENIGN,1,0.62,FP,False,FP -> FP,FP,FP,Benign,False,False,False,True,False,False
FLOW_547196,0,BENIGN,1,0.745,FP,False,0,BENIGN,1,0.625,FP,False,FP -> FP,FP,FP,Benign,False,False,False,True,False,False
FLOW_547201,0,BENIGN,1,0.955,FP,False,0,BENIGN,1,0.955,FP,False,FP -> FP,FP,FP,Benign,False,False,False,True,False,False
FLOW_547209,0,BENIGN,1,1.0,FP,False,0,BENIGN,1,0.99,FP,False,FP -> FP,FP,FP,Benign,False,False,False,True,False,False
FLOW_547211,0,BENIGN,1,1.0,FP,False,0,BENIGN,1,0.98,FP,False,FP -> FP,FP,FP,Benign,False,False,False,True,False,False
FLOW_547287,0,BENIGN,1,0.58,FP,False,0,BENIGN,1,0.57,FP,False,FP -> FP,FP,FP,Benign,False,False,False,True,False,False
FLOW_545270,0,BENIGN,1,0.99,FP,False,0,BENIGN,1,1.0,FP,False,FP -> FP,FP,FP,Benign,False,False,False,True,False,False
FLOW_544980,0,BENIGN,1,0.95,FP,False,0,BENIGN,1,0.97,FP,False,FP -> FP,FP,FP,Benign,False,False,False,True,False,False
FLOW_548894,0,BENIGN,1,0.605,FP,False,0,BENIGN,1,0.53,FP,False,FP -> FP,FP,FP,Benign,False,False,False,True,False,False
FLOW_551656,0,BENIGN,1,1.0,FP,False,0,BENIGN,1,0.995,FP,False,FP -> FP,FP,FP,Benign,False,False,False,True,False,False
FLOW_552258,0,BENIGN,1,0.73,FP,False,0,BENIGN,1,0.675,FP,False,FP -> FP,FP,FP,Benign,False,False,False,True,False,False
FLOW_554259,0,BENIGN,1,0.995,FP,False,0,BENIGN,1,1.0,FP,False,FP -> FP,FP,FP,Benign,False,False,False,True,False,False
FLOW_554261,0,BENIGN,1,0.95,FP,False,0,BENIGN,1,0.975,FP,False,FP -> FP,FP,FP,Benign,False,False,False,True,False,False
FLOW_554296,0,BENIGN,1,0.98,FP,False,0,BENIGN,1,0.99,FP,False,FP -> FP,FP,FP,Benign,False,False,False,True,False,False
FLOW_554269,0,BENIGN,1,0.97,FP,False,0,BENIGN,1,0.985,FP,False,FP -> FP,FP,FP,Benign,False,False,False,True,False,False
FLOW_554295,0,BENIGN,1,0.995,FP,False,0,BENIGN,1,1.0,FP,False,FP -> FP,FP,FP,Benign,False,False,False,True,False,False
FLOW_554753,0,BENIGN,1,0.9,FP,False,0,BENIGN,1,0.86,FP,False,FP -> FP,FP,FP,Benign,False,False,False,True,False,False
FLOW_554764,0,BENIGN,1,1.0,FP,False,0,BENIGN,1,1.0,FP,False,FP -> FP,FP,FP,Benign,False,False,False,True,False,False
FLOW_554769,0,BENIGN,1,1.0,FP,False,0,BENIGN,1,1.0,FP,False,FP -> FP,FP,FP,Benign,False,False,False,True,False,False
FLOW_554773,0,BENIGN,1,1.0,FP,False,0,BENIGN,1,0.995,FP,False,FP -> FP,FP,FP,Benign,False,False,False,True,False,False
FLOW_554788,0,BENIGN,1,1.0,FP,False,0,BENIGN,1,1.0,FP,False,FP -> FP,FP,FP,Benign,False,False,False,True,False,False
FLOW_554803,0,BENIGN,1,0.98,FP,False,0,BENIGN,1,0.9899685534591196,FP,False,FP -> FP,FP,FP,Benign,False,False,False,True,False,False
FLOW_554811,0,BENIGN,1,1.0,FP,False,0,BENIGN,1,1.0,FP,False,FP -> FP,FP,FP,Benign,False,False,False,True,False,False
FLOW_554835,0,BENIGN,1,0.65,FP,False,0,BENIGN,1,0.945,FP,False,FP -> FP,FP,FP,Benign,False,False,False,True,False,False
FLOW_554774,0,BENIGN,1,0.99,FP,False,0,BENIGN,1,0.99,FP,False,FP -> FP,FP,FP,Benign,False,False,False,True,False,False
FLOW_554822,0,BENIGN,1,1.0,FP,False,0,BENIGN,1,1.0,FP,False,FP -> FP,FP,FP,Benign,False,False,False,True,False,False
FLOW_554765,0,BENIGN,1,0.935,FP,False,0,BENIGN,1,0.94,FP,False,FP -> FP,FP,FP,Benign,False,False,False,True,False,False
FLOW_554783,0,BENIGN,1,1.0,FP,False,0,BENIGN,1,0.985,FP,False,FP -> FP,FP,FP,Benign,False,False,False,True,False,False
FLOW_555374,0,BENIGN,1,0.995,FP,False,0,BENIGN,1,1.0,FP,False,FP -> FP,FP,FP,Benign,False,False,False,True,False,False
FLOW_555376,0,BENIGN,1,0.995,FP,False,0,BENIGN,1,0.985,FP,False,FP -> FP,FP,FP,Benign,False,False,False,True,False,False
FLOW_555388,0,BENIGN,1,1.0,FP,False,0,BENIGN,1,1.0,FP,False,FP -> FP,FP,FP,Benign,False,False,False,True,False,False
FLOW_555391,0,BENIGN,1,0.995,FP,False,0,BENIGN,1,1.0,FP,False,FP -> FP,FP,FP,Benign,False,False,False,True,False,False
FLOW_555400,0,BENIGN,1,1.0,FP,False,0,BENIGN,1,1.0,FP,False,FP -> FP,FP,FP,Benign,False,False,False,True,False,False
FLOW_556056,0,BENIGN,1,1.0,FP,False,0,BENIGN,1,1.0,FP,False,FP -> FP,FP,FP,Benign,False,False,False,True,False,False
FLOW_556095,0,BENIGN,1,0.79,FP,False,0,BENIGN,1,0.775,FP,False,FP -> FP,FP,FP,Benign,False,False,False,True,False,False
FLOW_557831,0,BENIGN,1,1.0,FP,False,0,BENIGN,1,1.0,FP,False,FP -> FP,FP,FP,Benign,False,False,False,True,False,False
FLOW_557934,0,BENIGN,1,0.955,FP,False,0,BENIGN,1,0.89,FP,False,FP -> FP,FP,FP,Benign,False,False,False,True,False,False
FLOW_558188,0,BENIGN,1,0.995,FP,False,0,BENIGN,1,0.995,FP,False,FP -> FP,FP,FP,Benign,False,False,False,True,False,False
FLOW_558250,0,BENIGN,1,0.81,FP,False,0,BENIGN,1,0.73,FP,False,FP -> FP,FP,FP,Benign,False,False,False,True,False,False
FLOW_558332,0,BENIGN,1,0.675,FP,False,0,BENIGN,1,0.68,FP,False,FP -> FP,FP,FP,Benign,False,False,False,True,False,False
FLOW_552676,0,BENIGN,1,0.995,FP,False,0,BENIGN,1,0.99,FP,False,FP -> FP,FP,FP,Benign,False,False,False,True,False,False
FLOW_559187,0,BENIGN,1,1.0,FP,False,0,BENIGN,1,0.995,FP,False,FP -> FP,FP,FP,Benign,False,False,False,True,False,False
FLOW_560048,0,BENIGN,1,0.995,FP,False,0,BENIGN,1,0.995,FP,False,FP -> FP,FP,FP,Benign,False,False,False,True,False,False
FLOW_562630,0,BENIGN,1,0.695,FP,False,0,BENIGN,1,0.715,FP,False,FP -> FP,FP,FP,Benign,False,False,False,True,False,False
FLOW_563194,0,BENIGN,1,0.735,FP,False,0,BENIGN,1,0.79,FP,False,FP -> FP,FP,FP,Benign,False,False,False,True,False,False
FLOW_562833,0,BENIGN,1,0.99,FP,False,0,BENIGN,1,1.0,FP,False,FP -> FP,FP,FP,Benign,False,False,False,True,False,False
FLOW_563756,0,BENIGN,1,0.995,FP,False,0,BENIGN,1,0.995,FP,False,FP -> FP,FP,FP,Benign,False,False,False,True,False,False
FLOW_560182,0,BENIGN,1,1.0,FP,False,0,BENIGN,1,1.0,FP,False,FP -> FP,FP,FP,Benign,False,False,False,True,False,False
FLOW_562872,0,BENIGN,1,1.0,FP,False,0,BENIGN,1,0.99,FP,False,FP -> FP,FP,FP,Benign,False,False,False,True,False,False
FLOW_563070,0,BENIGN,1,0.98,FP,False,0,BENIGN,1,0.94,FP,False,FP -> FP,FP,FP,Benign,False,False,False,True,False,False
FLOW_563432,0,BENIGN,1,0.95,FP,False,0,BENIGN,1,0.93,FP,False,FP -> FP,FP,FP,Benign,False,False,False,True,False,False
FLOW_568872,0,BENIGN,1,0.995,FP,False,0,BENIGN,1,0.995,FP,False,FP -> FP,FP,FP,Benign,False,False,False,True,False,False
FLOW_569537,0,BENIGN,1,0.67,FP,False,0,BENIGN,1,0.635,FP,False,FP -> FP,FP,FP,Benign,False,False,False,True,False,False
FLOW_570341,0,BENIGN,1,0.63,FP,False,0,BENIGN,1,0.54,FP,False,FP -> FP,FP,FP,Benign,False,False,False,True,False,False
FLOW_570344,0,BENIGN,1,0.63,FP,False,0,BENIGN,1,0.54,FP,False,FP -> FP,FP,FP,Benign,False,False,False,True,False,False
FLOW_570376,0,BENIGN,1,0.765,FP,False,0,BENIGN,1,0.69,FP,False,FP -> FP,FP,FP,Benign,False,False,False,True,False,False
FLOW_570633,0,BENIGN,1,0.69,FP,False,0,BENIGN,1,0.7,FP,False,FP -> FP,FP,FP,Benign,False,False,False,True,False,False
FLOW_570642,0,BENIGN,1,1.0,FP,False,0,BENIGN,1,1.0,FP,False,FP -> FP,FP,FP,Benign,False,False,False,True,False,False
FLOW_571499,0,BENIGN,1,0.995,FP,False,0,BENIGN,1,0.99,FP,False,FP -> FP,FP,FP,Benign,False,False,False,True,False,False
FLOW_572010,0,BENIGN,1,0.745,FP,False,0,BENIGN,1,0.705,FP,False,FP -> FP,FP,FP,Benign,False,False,False,True,False,False
FLOW_572717,0,BENIGN,1,1.0,FP,False,0,BENIGN,1,1.0,FP,False,FP -> FP,FP,FP,Benign,False,False,False,True,False,False
FLOW_573798,0,BENIGN,1,0.7,FP,False,0,BENIGN,1,0.66,FP,False,FP -> FP,FP,FP,Benign,False,False,False,True,False,False
FLOW_571586,0,BENIGN,1,0.975,FP,False,0,BENIGN,1,0.985,FP,False,FP -> FP,FP,FP,Benign,False,False,False,True,False,False
FLOW_571378,0,BENIGN,1,0.97,FP,False,0,BENIGN,1,0.945,FP,False,FP -> FP,FP,FP,Benign,False,False,False,True,False,False
FLOW_568960,0,BENIGN,1,0.965,FP,False,0,BENIGN,1,0.945,FP,False,FP -> FP,FP,FP,Benign,False,False,False,True,False,False
FLOW_582964,0,BENIGN,1,0.995,FP,False,0,BENIGN,1,1.0,FP,False,FP -> FP,FP,FP,Benign,False,False,False,True,False,False
FLOW_586116,0,BENIGN,1,0.985,FP,False,0,BENIGN,1,0.95,FP,False,FP -> FP,FP,FP,Benign,False,False,False,True,False,False
FLOW_586290,0,BENIGN,1,0.995,FP,False,0,BENIGN,1,1.0,FP,False,FP -> FP,FP,FP,Benign,False,False,False,True,False,False
FLOW_588619,0,BENIGN,1,0.72,FP,False,0,BENIGN,1,0.635,FP,False,FP -> FP,FP,FP,Benign,False,False,False,True,False,False
FLOW_590040,0,BENIGN,1,0.925,FP,False,0,BENIGN,1,0.885,FP,False,FP -> FP,FP,FP,Benign,False,False,False,True,False,False
FLOW_590448,0,BENIGN,1,0.815,FP,False,0,BENIGN,1,0.73,FP,False,FP -> FP,FP,FP,Benign,False,False,False,True,False,False
FLOW_590492,0,BENIGN,1,0.55,FP,False,0,BENIGN,1,0.555,FP,False,FP -> FP,FP,FP,Benign,False,False,False,True,False,False
FLOW_590758,0,BENIGN,1,0.69,FP,False,0,BENIGN,1,0.635,FP,False,FP -> FP,FP,FP,Benign,False,False,False,True,False,False
FLOW_595679,0,BENIGN,1,0.53,FP,False,0,BENIGN,1,0.51,FP,False,FP -> FP,FP,FP,Benign,False,False,False,True,False,False
FLOW_597759,0,BENIGN,1,0.63,FP,False,0,BENIGN,1,0.645,FP,False,FP -> FP,FP,FP,Benign,False,False,False,True,False,False
FLOW_597760,0,BENIGN,1,0.63,FP,False,0,BENIGN,1,0.645,FP,False,FP -> FP,FP,FP,Benign,False,False,False,True,False,False
FLOW_598019,0,BENIGN,1,1.0,FP,False,0,BENIGN,1,1.0,FP,False,FP -> FP,FP,FP,Benign,False,False,False,True,False,False
FLOW_599209,0,BENIGN,1,0.865,FP,False,0,BENIGN,1,0.815,FP,False,FP -> FP,FP,FP,Benign,False,False,False,True,False,False
FLOW_605524,0,BENIGN,1,1.0,FP,False,0,BENIGN,1,1.0,FP,False,FP -> FP,FP,FP,Benign,False,False,False,True,False,False
FLOW_605565,0,BENIGN,1,1.0,FP,False,0,BENIGN,1,0.995,FP,False,FP -> FP,FP,FP,Benign,False,False,False,True,False,False
FLOW_605415,0,BENIGN,1,0.985,FP,False,0,BENIGN,1,0.985,FP,False,FP -> FP,FP,FP,Benign,False,False,False,True,False,False
FLOW_605847,0,BENIGN,1,0.89,FP,False,0,BENIGN,1,0.845,FP,False,FP -> FP,FP,FP,Benign,False,False,False,True,False,False
FLOW_605849,0,BENIGN,1,0.885,FP,False,0,BENIGN,1,0.855,FP,False,FP -> FP,FP,FP,Benign,False,False,False,True,False,False
FLOW_605475,0,BENIGN,1,0.97,FP,False,0,BENIGN,1,0.985,FP,False,FP -> FP,FP,FP,Benign,False,False,False,True,False,False
FLOW_605483,0,BENIGN,1,1.0,FP,False,0,BENIGN,1,0.985,FP,False,FP -> FP,FP,FP,Benign,False,False,False,True,False,False
FLOW_605919,0,BENIGN,1,0.99,FP,False,0,BENIGN,1,0.985,FP,False,FP -> FP,FP,FP,Benign,False,False,False,True,False,False
FLOW_605935,0,BENIGN,1,0.995,FP,False,0,BENIGN,1,0.99,FP,False,FP -> FP,FP,FP,Benign,False,False,False,True,False,False
FLOW_605580,0,BENIGN,1,0.995,FP,False,0,BENIGN,1,0.995,FP,False,FP -> FP,FP,FP,Benign,False,False,False,True,False,False
FLOW_606136,0,BENIGN,1,1.0,FP,False,0,BENIGN,1,1.0,FP,False,FP -> FP,FP,FP,Benign,False,False,False,True,False,False
FLOW_606193,0,BENIGN,1,0.99,FP,False,0,BENIGN,1,0.985,FP,False,FP -> FP,FP,FP,Benign,False,False,False,True,False,False
FLOW_608856,0,BENIGN,1,0.67,FP,False,0,BENIGN,1,0.695,FP,False,FP -> FP,FP,FP,Benign,False,False,False,True,False,False
FLOW_608861,0,BENIGN,1,0.885,FP,False,0,BENIGN,1,0.86,FP,False,FP -> FP,FP,FP,Benign,False,False,False,True,False,False
FLOW_608863,0,BENIGN,1,1.0,FP,False,0,BENIGN,1,1.0,FP,False,FP -> FP,FP,FP,Benign,False,False,False,True,False,False
FLOW_608866,0,BENIGN,1,0.875,FP,False,0,BENIGN,1,0.825,FP,False,FP -> FP,FP,FP,Benign,False,False,False,True,False,False
FLOW_608871,0,BENIGN,1,1.0,FP,False,0,BENIGN,1,1.0,FP,False,FP -> FP,FP,FP,Benign,False,False,False,True,False,False
FLOW_608879,0,BENIGN,1,0.96,FP,False,0,BENIGN,1,0.935,FP,False,FP -> FP,FP,FP,Benign,False,False,False,True,False,False
FLOW_608921,0,BENIGN,1,0.89,FP,False,0,BENIGN,1,0.785,FP,False,FP -> FP,FP,FP,Benign,False,False,False,True,False,False
FLOW_602238,0,BENIGN,1,0.99,FP,False,0,BENIGN,1,0.97,FP,False,FP -> FP,FP,FP,Benign,False,False,False,True,False,False
FLOW_613201,0,BENIGN,1,0.985,FP,False,0,BENIGN,1,0.98,FP,False,FP -> FP,FP,FP,Benign,False,False,False,True,False,False
FLOW_613367,0,BENIGN,1,0.7,FP,False,0,BENIGN,1,0.66,FP,False,FP -> FP,FP,FP,Benign,False,False,False,True,False,False
FLOW_613368,0,BENIGN,1,0.985,FP,False,0,BENIGN,1,0.955,FP,False,FP -> FP,FP,FP,Benign,False,False,False,True,False,False
FLOW_613374,0,BENIGN,1,0.96,FP,False,0,BENIGN,1,0.96,FP,False,FP -> FP,FP,FP,Benign,False,False,False,True,False,False
FLOW_613386,0,BENIGN,1,0.995,FP,False,0,BENIGN,1,0.98,FP,False,FP -> FP,FP,FP,Benign,False,False,False,True,False,False
FLOW_613395,0,BENIGN,1,1.0,FP,False,0,BENIGN,1,0.995,FP,False,FP -> FP,FP,FP,Benign,False,False,False,True,False,False
FLOW_613404,0,BENIGN,1,1.0,FP,False,0,BENIGN,1,1.0,FP,False,FP -> FP,FP,FP,Benign,False,False,False,True,False,False
FLOW_613407,0,BENIGN,1,0.56,FP,False,0,BENIGN,1,0.61,FP,False,FP -> FP,FP,FP,Benign,False,False,False,True,False,False
FLOW_613416,0,BENIGN,1,0.83,FP,False,0,BENIGN,1,0.805,FP,False,FP -> FP,FP,FP,Benign,False,False,False,True,False,False
FLOW_613443,0,BENIGN,1,0.905,FP,False,0,BENIGN,1,0.91,FP,False,FP -> FP,FP,FP,Benign,False,False,False,True,False,False
FLOW_613414,0,BENIGN,1,0.925,FP,False,0,BENIGN,1,0.925,FP,False,FP -> FP,FP,FP,Benign,False,False,False,True,False,False
FLOW_613657,0,BENIGN,1,0.68,FP,False,0,BENIGN,1,0.62,FP,False,FP -> FP,FP,FP,Benign,False,False,False,True,False,False
FLOW_613677,0,BENIGN,1,0.735,FP,False,0,BENIGN,1,0.81,FP,False,FP -> FP,FP,FP,Benign,False,False,False,True,False,False
FLOW_613678,0,BENIGN,1,0.805,FP,False,0,BENIGN,1,0.795,FP,False,FP -> FP,FP,FP,Benign,False,False,False,True,False,False
FLOW_613683,0,BENIGN,1,1.0,FP,False,0,BENIGN,1,1.0,FP,False,FP -> FP,FP,FP,Benign,False,False,False,True,False,False
FLOW_613686,0,BENIGN,1,1.0,FP,False,0,BENIGN,1,0.99,FP,False,FP -> FP,FP,FP,Benign,False,False,False,True,False,False
FLOW_613730,0,BENIGN,1,0.6,FP,False,0,BENIGN,1,0.58,FP,False,FP -> FP,FP,FP,Benign,False,False,False,True,False,False
FLOW_613731,0,BENIGN,1,0.525,FP,False,0,BENIGN,1,0.51,FP,False,FP -> FP,FP,FP,Benign,False,False,False,True,False,False
FLOW_613745,0,BENIGN,1,0.56,FP,False,0,BENIGN,1,0.52,FP,False,FP -> FP,FP,FP,Benign,False,False,False,True,False,False
FLOW_613882,0,BENIGN,1,0.895,FP,False,0,BENIGN,1,0.88,FP,False,FP -> FP,FP,FP,Benign,False,False,False,True,False,False
FLOW_614387,0,BENIGN,1,0.76,FP,False,0,BENIGN,1,0.625,FP,False,FP -> FP,FP,FP,Benign,False,False,False,True,False,False
FLOW_614388,0,BENIGN,1,0.76,FP,False,0,BENIGN,1,0.625,FP,False,FP -> FP,FP,FP,Benign,False,False,False,True,False,False
FLOW_614200,0,BENIGN,1,1.0,FP,False,0,BENIGN,1,1.0,FP,False,FP -> FP,FP,FP,Benign,False,False,False,True,False,False
FLOW_614521,0,BENIGN,1,0.925,FP,False,0,BENIGN,1,0.895,FP,False,FP -> FP,FP,FP,Benign,False,False,False,True,False,False
FLOW_615150,0,BENIGN,1,0.745,FP,False,0,BENIGN,1,0.75,FP,False,FP -> FP,FP,FP,Benign,False,False,False,True,False,False
FLOW_615549,0,BENIGN,1,0.995,FP,False,0,BENIGN,1,1.0,FP,False,FP -> FP,FP,FP,Benign,False,False,False,True,False,False
FLOW_615897,0,BENIGN,1,0.99,FP,False,0,BENIGN,1,1.0,FP,False,FP -> FP,FP,FP,Benign,False,False,False,True,False,False
FLOW_616718,0,BENIGN,1,0.935,FP,False,0,BENIGN,1,0.94,FP,False,FP -> FP,FP,FP,Benign,False,False,False,True,False,False
FLOW_620450,0,BENIGN,1,1.0,FP,False,0,BENIGN,1,1.0,FP,False,FP -> FP,FP,FP,Benign,False,False,False,True,False,False
FLOW_620798,0,BENIGN,1,1.0,FP,False,0,BENIGN,1,0.99,FP,False,FP -> FP,FP,FP,Benign,False,False,False,True,False,False
FLOW_621206,0,BENIGN,1,0.69,FP,False,0,BENIGN,1,0.595,FP,False,FP -> FP,FP,FP,Benign,False,False,False,True,False,False
FLOW_622615,0,BENIGN,1,1.0,FP,False,0,BENIGN,1,0.97,FP,False,FP -> FP,FP,FP,Benign,False,False,False,True,False,False
FLOW_623106,0,BENIGN,1,0.77,FP,False,0,BENIGN,1,0.865,FP,False,FP -> FP,FP,FP,Benign,False,False,False,True,False,False
FLOW_623124,0,BENIGN,1,0.985,FP,False,0,BENIGN,1,0.98,FP,False,FP -> FP,FP,FP,Benign,False,False,False,True,False,False
FLOW_623129,0,BENIGN,1,0.98,FP,False,0,BENIGN,1,0.985,FP,False,FP -> FP,FP,FP,Benign,False,False,False,True,False,False
FLOW_623132,0,BENIGN,1,0.77,FP,False,0,BENIGN,1,0.705,FP,False,FP -> FP,FP,FP,Benign,False,False,False,True,False,False
FLOW_625397,0,BENIGN,1,0.98,FP,False,0,BENIGN,1,0.99,FP,False,FP -> FP,FP,FP,Benign,False,False,False,True,False,False
FLOW_625431,0,BENIGN,1,0.97,FP,False,0,BENIGN,1,0.95,FP,False,FP -> FP,FP,FP,Benign,False,False,False,True,False,False
FLOW_625825,0,BENIGN,1,0.805,FP,False,0,BENIGN,1,0.76,FP,False,FP -> FP,FP,FP,Benign,False,False,False,True,False,False
FLOW_625829,0,BENIGN,1,0.875,FP,False,0,BENIGN,1,0.905,FP,False,FP -> FP,FP,FP,Benign,False,False,False,True,False,False
FLOW_625865,0,BENIGN,1,1.0,FP,False,0,BENIGN,1,1.0,FP,False,FP -> FP,FP,FP,Benign,False,False,False,True,False,False
FLOW_625515,0,BENIGN,1,0.99,FP,False,0,BENIGN,1,0.99,FP,False,FP -> FP,FP,FP,Benign,False,False,False,True,False,False
FLOW_625961,0,BENIGN,1,0.555,FP,False,0,BENIGN,1,0.55,FP,False,FP -> FP,FP,FP,Benign,False,False,False,True,False,False
FLOW_625612,0,BENIGN,1,0.985,FP,False,0,BENIGN,1,0.95,FP,False,FP -> FP,FP,FP,Benign,False,False,False,True,False,False
FLOW_626046,0,BENIGN,1,0.59,FP,False,0,BENIGN,1,0.61,FP,False,FP -> FP,FP,FP,Benign,False,False,False,True,False,False
FLOW_624867,0,BENIGN,1,0.96,FP,False,0,BENIGN,1,0.935,FP,False,FP -> FP,FP,FP,Benign,False,False,False,True,False,False
FLOW_625655,0,BENIGN,1,0.975,FP,False,0,BENIGN,1,0.975,FP,False,FP -> FP,FP,FP,Benign,False,False,False,True,False,False
FLOW_627471,0,BENIGN,1,0.735,FP,False,0,BENIGN,1,0.695,FP,False,FP -> FP,FP,FP,Benign,False,False,False,True,False,False
FLOW_628919,0,BENIGN,1,0.695,FP,False,0,BENIGN,1,0.69,FP,False,FP -> FP,FP,FP,Benign,False,False,False,True,False,False
FLOW_628656,0,BENIGN,1,0.99,FP,False,0,BENIGN,1,0.99,FP,False,FP -> FP,FP,FP,Benign,False,False,False,True,False,False
FLOW_628964,0,BENIGN,1,0.985,FP,False,0,BENIGN,1,0.98,FP,False,FP -> FP,FP,FP,Benign,False,False,False,True,False,False
FLOW_628972,0,BENIGN,1,0.795,FP,False,0,BENIGN,1,0.845,FP,False,FP -> FP,FP,FP,Benign,False,False,False,True,False,False
FLOW_628985,0,BENIGN,1,0.84,FP,False,0,BENIGN,1,0.85,FP,False,FP -> FP,FP,FP,Benign,False,False,False,True,False,False
FLOW_629029,0,BENIGN,1,0.9,FP,False,0,BENIGN,1,0.85,FP,False,FP -> FP,FP,FP,Benign,False,False,False,True,False,False
FLOW_628995,0,BENIGN,1,0.81,FP,False,0,BENIGN,1,0.805,FP,False,FP -> FP,FP,FP,Benign,False,False,False,True,False,False
FLOW_629030,0,BENIGN,1,0.985,FP,False,0,BENIGN,1,0.99,FP,False,FP -> FP,FP,FP,Benign,False,False,False,True,False,False
FLOW_629650,0,BENIGN,1,0.995,FP,False,0,BENIGN,1,0.99,FP,False,FP -> FP,FP,FP,Benign,False,False,False,True,False,False
FLOW_629680,0,BENIGN,1,0.595,FP,False,0,BENIGN,1,0.645,FP,False,FP -> FP,FP,FP,Benign,False,False,False,True,False,False
FLOW_629681,0,BENIGN,1,0.625,FP,False,0,BENIGN,1,0.675,FP,False,FP -> FP,FP,FP,Benign,False,False,False,True,False,False
FLOW_629690,0,BENIGN,1,1.0,FP,False,0,BENIGN,1,1.0,FP,False,FP -> FP,FP,FP,Benign,False,False,False,True,False,False
FLOW_630039,0,BENIGN,1,0.865,FP,False,0,BENIGN,1,0.89,FP,False,FP -> FP,FP,FP,Benign,False,False,False,True,False,False
FLOW_631183,0,BENIGN,1,0.62,FP,False,0,BENIGN,1,0.535,FP,False,FP -> FP,FP,FP,Benign,False,False,False,True,False,False
FLOW_632020,0,BENIGN,1,1.0,FP,False,0,BENIGN,1,1.0,FP,False,FP -> FP,FP,FP,Benign,False,False,False,True,False,False
FLOW_632142,0,BENIGN,1,1.0,FP,False,0,BENIGN,1,1.0,FP,False,FP -> FP,FP,FP,Benign,False,False,False,True,False,False
FLOW_631647,0,BENIGN,1,0.955,FP,False,0,BENIGN,1,0.97,FP,False,FP -> FP,FP,FP,Benign,False,False,False,True,False,False
FLOW_631657,0,BENIGN,1,0.995,FP,False,0,BENIGN,1,0.98,FP,False,FP -> FP,FP,FP,Benign,False,False,False,True,False,False
FLOW_631675,0,BENIGN,1,0.95,FP,False,0,BENIGN,1,0.965,FP,False,FP -> FP,FP,FP,Benign,False,False,False,True,False,False
FLOW_632268,0,BENIGN,1,0.825,FP,False,0,BENIGN,1,0.77,FP,False,FP -> FP,FP,FP,Benign,False,False,False,True,False,False
FLOW_632270,0,BENIGN,1,0.905,FP,False,0,BENIGN,1,0.905,FP,False,FP -> FP,FP,FP,Benign,False,False,False,True,False,False
FLOW_632286,0,BENIGN,1,0.775,FP,False,0,BENIGN,1,0.885,FP,False,FP -> FP,FP,FP,Benign,False,False,False,True,False,False
FLOW_632297,0,BENIGN,1,1.0,FP,False,0,BENIGN,1,1.0,FP,False,FP -> FP,FP,FP,Benign,False,False,False,True,False,False
FLOW_632831,0,BENIGN,1,0.665,FP,False,0,BENIGN,1,0.695,FP,False,FP -> FP,FP,FP,Benign,False,False,False,True,False,False
FLOW_633087,0,BENIGN,1,0.77,FP,False,0,BENIGN,1,0.705,FP,False,FP -> FP,FP,FP,Benign,False,False,False,True,False,False
FLOW_632190,0,BENIGN,1,0.995,FP,False,0,BENIGN,1,0.98,FP,False,FP -> FP,FP,FP,Benign,False,False,False,True,False,False
FLOW_634498,0,BENIGN,1,0.995,FP,False,0,BENIGN,1,0.995,FP,False,FP -> FP,FP,FP,Benign,False,False,False,True,False,False
FLOW_633811,0,BENIGN,1,0.95,FP,False,0,BENIGN,1,0.9,FP,False,FP -> FP,FP,FP,Benign,False,False,False,True,False,False
FLOW_634066,0,BENIGN,1,0.985,FP,False,0,BENIGN,1,0.985,FP,False,FP -> FP,FP,FP,Benign,False,False,False,True,False,False
FLOW_637901,0,BENIGN,1,0.645,FP,False,0,BENIGN,1,0.585,FP,False,FP -> FP,FP,FP,Benign,False,False,False,True,False,False
FLOW_639452,0,BENIGN,1,0.8,FP,False,0,BENIGN,1,0.75,FP,False,FP -> FP,FP,FP,Benign,False,False,False,True,False,False
FLOW_639348,0,BENIGN,1,0.9,FP,False,0,BENIGN,1,0.875,FP,False,FP -> FP,FP,FP,Benign,False,False,False,True,False,False
FLOW_639368,0,BENIGN,1,0.91,FP,False,0,BENIGN,1,0.905,FP,False,FP -> FP,FP,FP,Benign,False,False,False,True,False,False
FLOW_639372,0,BENIGN,1,0.91,FP,False,0,BENIGN,1,0.905,FP,False,FP -> FP,FP,FP,Benign,False,False,False,True,False,False
FLOW_639614,0,BENIGN,1,0.985,FP,False,0,BENIGN,1,0.99,FP,False,FP -> FP,FP,FP,Benign,False,False,False,True,False,False
FLOW_639431,0,BENIGN,1,0.985,FP,False,0,BENIGN,1,0.96,FP,False,FP -> FP,FP,FP,Benign,False,False,False,True,False,False
FLOW_639471,0,BENIGN,1,1.0,FP,False,0,BENIGN,1,0.985,FP,False,FP -> FP,FP,FP,Benign,False,False,False,True,False,False
FLOW_639914,0,BENIGN,1,0.53,FP,False,0,BENIGN,1,0.62,FP,False,FP -> FP,FP,FP,Benign,False,False,False,True,False,False
FLOW_639917,0,BENIGN,1,0.67,FP,False,0,BENIGN,1,0.795,FP,False,FP -> FP,FP,FP,Benign,False,False,False,True,False,False
FLOW_639948,0,BENIGN,1,1.0,FP,False,0,BENIGN,1,0.995,FP,False,FP -> FP,FP,FP,Benign,False,False,False,True,False,False
FLOW_642026,0,BENIGN,1,0.975,FP,False,0,BENIGN,1,0.965,FP,False,FP -> FP,FP,FP,Benign,False,False,False,True,False,False
FLOW_642437,0,BENIGN,1,0.97,FP,False,0,BENIGN,1,0.955,FP,False,FP -> FP,FP,FP,Benign,False,False,False,True,False,False
FLOW_643029,0,BENIGN,1,0.94,FP,False,0,BENIGN,1,0.88,FP,False,FP -> FP,FP,FP,Benign,False,False,False,True,False,False
FLOW_643186,0,BENIGN,1,0.99,FP,False,0,BENIGN,1,0.995,FP,False,FP -> FP,FP,FP,Benign,False,False,False,True,False,False
FLOW_643571,0,BENIGN,1,0.985,FP,False,0,BENIGN,1,1.0,FP,False,FP -> FP,FP,FP,Benign,False,False,False,True,False,False
FLOW_641156,0,BENIGN,1,0.99,FP,False,0,BENIGN,1,0.94,FP,False,FP -> FP,FP,FP,Benign,False,False,False,True,False,False
FLOW_641698,0,BENIGN,1,0.99,FP,False,0,BENIGN,1,0.98,FP,False,FP -> FP,FP,FP,Benign,False,False,False,True,False,False
FLOW_644970,0,BENIGN,1,0.99,FP,False,0,BENIGN,1,0.995,FP,False,FP -> FP,FP,FP,Benign,False,False,False,True,False,False
FLOW_645122,0,BENIGN,1,1.0,FP,False,0,BENIGN,1,1.0,FP,False,FP -> FP,FP,FP,Benign,False,False,False,True,False,False
FLOW_645120,0,BENIGN,1,0.98,FP,False,0,BENIGN,1,0.965,FP,False,FP -> FP,FP,FP,Benign,False,False,False,True,False,False
FLOW_645136,0,BENIGN,1,1.0,FP,False,0,BENIGN,1,1.0,FP,False,FP -> FP,FP,FP,Benign,False,False,False,True,False,False
FLOW_645146,0,BENIGN,1,1.0,FP,False,0,BENIGN,1,0.97,FP,False,FP -> FP,FP,FP,Benign,False,False,False,True,False,False
FLOW_645291,0,BENIGN,1,1.0,FP,False,0,BENIGN,1,1.0,FP,False,FP -> FP,FP,FP,Benign,False,False,False,True,False,False
FLOW_645863,0,BENIGN,1,0.96,FP,False,0,BENIGN,1,0.945,FP,False,FP -> FP,FP,FP,Benign,False,False,False,True,False,False
FLOW_646963,0,BENIGN,1,0.995,FP,False,0,BENIGN,1,1.0,FP,False,FP -> FP,FP,FP,Benign,False,False,False,True,False,False
FLOW_648223,0,BENIGN,1,0.995,FP,False,0,BENIGN,1,0.99,FP,False,FP -> FP,FP,FP,Benign,False,False,False,True,False,False
FLOW_648977,0,BENIGN,1,1.0,FP,False,0,BENIGN,1,1.0,FP,False,FP -> FP,FP,FP,Benign,False,False,False,True,False,False
FLOW_649712,0,BENIGN,1,0.605,FP,False,0,BENIGN,1,0.515,FP,False,FP -> FP,FP,FP,Benign,False,False,False,True,False,False
FLOW_646797,0,BENIGN,1,0.985,FP,False,0,BENIGN,1,0.995,FP,False,FP -> FP,FP,FP,Benign,False,False,False,True,False,False
FLOW_651131,0,BENIGN,1,0.98,FP,False,0,BENIGN,1,0.98,FP,False,FP -> FP,FP,FP,Benign,False,False,False,True,False,False
FLOW_651178,0,BENIGN,1,1.0,FP,False,0,BENIGN,1,1.0,FP,False,FP -> FP,FP,FP,Benign,False,False,False,True,False,False
FLOW_650729,0,BENIGN,1,0.985,FP,False,0,BENIGN,1,0.97,FP,False,FP -> FP,FP,FP,Benign,False,False,False,True,False,False
FLOW_651177,0,BENIGN,1,1.0,FP,False,0,BENIGN,1,1.0,FP,False,FP -> FP,FP,FP,Benign,False,False,False,True,False,False
FLOW_647326,0,BENIGN,1,1.0,FP,False,0,BENIGN,1,1.0,FP,False,FP -> FP,FP,FP,Benign,False,False,False,True,False,False
FLOW_651616,0,BENIGN,1,1.0,FP,False,0,BENIGN,1,1.0,FP,False,FP -> FP,FP,FP,Benign,False,False,False,True,False,False
FLOW_651448,0,BENIGN,1,1.0,FP,False,0,BENIGN,1,1.0,FP,False,FP -> FP,FP,FP,Benign,False,False,False,True,False,False
FLOW_647993,0,BENIGN,1,0.995,FP,False,0,BENIGN,1,1.0,FP,False,FP -> FP,FP,FP,Benign,False,False,False,True,False,False
FLOW_652509,0,BENIGN,1,0.67,FP,False,0,BENIGN,1,0.67,FP,False,FP -> FP,FP,FP,Benign,False,False,False,True,False,False
FLOW_652760,0,BENIGN,1,0.985,FP,False,0,BENIGN,1,0.99,FP,False,FP -> FP,FP,FP,Benign,False,False,False,True,False,False
FLOW_648719,0,BENIGN,1,0.945,FP,False,0,BENIGN,1,0.94,FP,False,FP -> FP,FP,FP,Benign,False,False,False,True,False,False
FLOW_655453,0,BENIGN,1,0.985,FP,False,0,BENIGN,1,0.98,FP,False,FP -> FP,FP,FP,Benign,False,False,False,True,False,False
FLOW_655994,0,BENIGN,1,0.99,FP,False,0,BENIGN,1,0.955,FP,False,FP -> FP,FP,FP,Benign,False,False,False,True,False,False
FLOW_655999,0,BENIGN,1,1.0,FP,False,0,BENIGN,1,1.0,FP,False,FP -> FP,FP,FP,Benign,False,False,False,True,False,False
FLOW_656008,0,BENIGN,1,1.0,FP,False,0,BENIGN,1,1.0,FP,False,FP -> FP,FP,FP,Benign,False,False,False,True,False,False
FLOW_656011,0,BENIGN,1,0.885,FP,False,0,BENIGN,1,0.895,FP,False,FP -> FP,FP,FP,Benign,False,False,False,True,False,False
FLOW_656930,0,BENIGN,1,1.0,FP,False,0,BENIGN,1,1.0,FP,False,FP -> FP,FP,FP,Benign,False,False,False,True,False,False
FLOW_657068,0,BENIGN,1,0.995,FP,False,0,BENIGN,1,1.0,FP,False,FP -> FP,FP,FP,Benign,False,False,False,True,False,False
FLOW_657271,0,BENIGN,1,0.99,FP,False,0,BENIGN,1,0.995,FP,False,FP -> FP,FP,FP,Benign,False,False,False,True,False,False
FLOW_657730,0,BENIGN,1,1.0,FP,False,0,BENIGN,1,1.0,FP,False,FP -> FP,FP,FP,Benign,False,False,False,True,False,False
FLOW_658540,0,BENIGN,1,0.81,FP,False,0,BENIGN,1,0.76,FP,False,FP -> FP,FP,FP,Benign,False,False,False,True,False,False
FLOW_658719,0,BENIGN,1,0.965,FP,False,0,BENIGN,1,0.95,FP,False,FP -> FP,FP,FP,Benign,False,False,False,True,False,False
FLOW_659212,0,BENIGN,1,0.855,FP,False,0,BENIGN,1,0.83,FP,False,FP -> FP,FP,FP,Benign,False,False,False,True,False,False
FLOW_659226,0,BENIGN,1,1.0,FP,False,0,BENIGN,1,1.0,FP,False,FP -> FP,FP,FP,Benign,False,False,False,True,False,False
FLOW_659256,0,BENIGN,1,0.91,FP,False,0,BENIGN,1,0.92,FP,False,FP -> FP,FP,FP,Benign,False,False,False,True,False,False
FLOW_659286,0,BENIGN,1,0.905,FP,False,0,BENIGN,1,0.895,FP,False,FP -> FP,FP,FP,Benign,False,False,False,True,False,False
FLOW_659389,0,BENIGN,1,0.945,FP,False,0,BENIGN,1,0.96,FP,False,FP -> FP,FP,FP,Benign,False,False,False,True,False,False
FLOW_658951,0,BENIGN,1,1.0,FP,False,0,BENIGN,1,0.995,FP,False,FP -> FP,FP,FP,Benign,False,False,False,True,False,False
FLOW_659515,0,BENIGN,1,0.975,FP,False,0,BENIGN,1,0.97,FP,False,FP -> FP,FP,FP,Benign,False,False,False,True,False,False
FLOW_660035,0,BENIGN,1,1.0,FP,False,0,BENIGN,1,1.0,FP,False,FP -> FP,FP,FP,Benign,False,False,False,True,False,False
FLOW_660036,0,BENIGN,1,1.0,FP,False,0,BENIGN,1,1.0,FP,False,FP -> FP,FP,FP,Benign,False,False,False,True,False,False
FLOW_660073,0,BENIGN,1,1.0,FP,False,0,BENIGN,1,1.0,FP,False,FP -> FP,FP,FP,Benign,False,False,False,True,False,False
FLOW_660075,0,BENIGN,1,1.0,FP,False,0,BENIGN,1,1.0,FP,False,FP -> FP,FP,FP,Benign,False,False,False,True,False,False
FLOW_659838,0,BENIGN,1,1.0,FP,False,0,BENIGN,1,1.0,FP,False,FP -> FP,FP,FP,Benign,False,False,False,True,False,False
FLOW_660468,0,BENIGN,1,0.635,FP,False,0,BENIGN,1,0.56,FP,False,FP -> FP,FP,FP,Benign,False,False,False,True,False,False
FLOW_660880,0,BENIGN,1,1.0,FP,False,0,BENIGN,1,1.0,FP,False,FP -> FP,FP,FP,Benign,False,False,False,True,False,False
FLOW_660885,0,BENIGN,1,0.88,FP,False,0,BENIGN,1,1.0,FP,False,FP -> FP,FP,FP,Benign,False,False,False,True,False,False
FLOW_660886,0,BENIGN,1,0.88,FP,False,0,BENIGN,1,1.0,FP,False,FP -> FP,FP,FP,Benign,False,False,False,True,False,False
FLOW_659165,0,BENIGN,1,0.98,FP,False,0,BENIGN,1,0.975,FP,False,FP -> FP,FP,FP,Benign,False,False,False,True,False,False
FLOW_660600,0,BENIGN,1,0.91,FP,False,0,BENIGN,1,0.94,FP,False,FP -> FP,FP,FP,Benign,False,False,False,True,False,False
FLOW_661385,0,BENIGN,1,0.595,FP,False,0,BENIGN,1,0.555,FP,False,FP -> FP,FP,FP,Benign,False,False,False,True,False,False
FLOW_664860,0,BENIGN,1,1.0,FP,False,0,BENIGN,1,1.0,FP,False,FP -> FP,FP,FP,Benign,False,False,False,True,False,False
FLOW_664892,0,BENIGN,1,1.0,FP,False,0,BENIGN,1,0.98,FP,False,FP -> FP,FP,FP,Benign,False,False,False,True,False,False
FLOW_664901,0,BENIGN,1,0.97,FP,False,0,BENIGN,1,0.975,FP,False,FP -> FP,FP,FP,Benign,False,False,False,True,False,False
FLOW_665004,0,BENIGN,1,0.905,FP,False,0,BENIGN,1,0.85,FP,False,FP -> FP,FP,FP,Benign,False,False,False,True,False,False
FLOW_658001,0,BENIGN,1,1.0,FP,False,0,BENIGN,1,1.0,FP,False,FP -> FP,FP,FP,Benign,False,False,False,True,False,False
FLOW_664967,0,BENIGN,1,1.0,FP,False,0,BENIGN,1,1.0,FP,False,FP -> FP,FP,FP,Benign,False,False,False,True,False,False
FLOW_665010,0,BENIGN,1,0.99,FP,False,0,BENIGN,1,0.985,FP,False,FP -> FP,FP,FP,Benign,False,False,False,True,False,False
FLOW_658098,0,BENIGN,1,0.965,FP,False,0,BENIGN,1,0.975,FP,False,FP -> FP,FP,FP,Benign,False,False,False,True,False,False
FLOW_658099,0,BENIGN,1,0.985,FP,False,0,BENIGN,1,0.965,FP,False,FP -> FP,FP,FP,Benign,False,False,False,True,False,False
FLOW_665214,0,BENIGN,1,1.0,FP,False,0,BENIGN,1,1.0,FP,False,FP -> FP,FP,FP,Benign,False,False,False,True,False,False
FLOW_665360,0,BENIGN,1,1.0,FP,False,0,BENIGN,1,1.0,FP,False,FP -> FP,FP,FP,Benign,False,False,False,True,False,False
FLOW_666987,0,BENIGN,1,0.97,FP,False,0,BENIGN,1,0.945,FP,False,FP -> FP,FP,FP,Benign,False,False,False,True,False,False
FLOW_667418,0,BENIGN,1,1.0,FP,False,0,BENIGN,1,0.995,FP,False,FP -> FP,FP,FP,Benign,False,False,False,True,False,False
FLOW_667431,0,BENIGN,1,0.965,FP,False,0,BENIGN,1,0.98,FP,False,FP -> FP,FP,FP,Benign,False,False,False,True,False,False
FLOW_667908,0,BENIGN,1,0.835,FP,False,0,BENIGN,1,0.925,FP,False,FP -> FP,FP,FP,Benign,False,False,False,True,False,False
FLOW_667911,0,BENIGN,1,1.0,FP,False,0,BENIGN,1,1.0,FP,False,FP -> FP,FP,FP,Benign,False,False,False,True,False,False
FLOW_667914,0,BENIGN,1,0.885,FP,False,0,BENIGN,1,0.875,FP,False,FP -> FP,FP,FP,Benign,False,False,False,True,False,False
FLOW_667916,0,BENIGN,1,0.885,FP,False,0,BENIGN,1,0.87,FP,False,FP -> FP,FP,FP,Benign,False,False,False,True,False,False
FLOW_667930,0,BENIGN,1,0.7,FP,False,0,BENIGN,1,0.615,FP,False,FP -> FP,FP,FP,Benign,False,False,False,True,False,False
FLOW_666337,0,BENIGN,1,0.99,FP,False,0,BENIGN,1,0.99,FP,False,FP -> FP,FP,FP,Benign,False,False,False,True,False,False
FLOW_666321,0,BENIGN,1,0.995,FP,False,0,BENIGN,1,0.995,FP,False,FP -> FP,FP,FP,Benign,False,False,False,True,False,False
FLOW_667822,0,BENIGN,1,0.99,FP,False,0,BENIGN,1,0.99,FP,False,FP -> FP,FP,FP,Benign,False,False,False,True,False,False
FLOW_667225,0,BENIGN,1,0.985,FP,False,0,BENIGN,1,0.98,FP,False,FP -> FP,FP,FP,Benign,False,False,False,True,False,False
FLOW_668132,0,BENIGN,1,0.96,FP,False,0,BENIGN,1,0.945,FP,False,FP -> FP,FP,FP,Benign,False,False,False,True,False,False
FLOW_669129,0,BENIGN,1,0.965,FP,False,0,BENIGN,1,0.97,FP,False,FP -> FP,FP,FP,Benign,False,False,False,True,False,False
FLOW_670075,0,BENIGN,1,0.73,FP,False,0,BENIGN,1,0.685,FP,False,FP -> FP,FP,FP,Benign,False,False,False,True,False,False
FLOW_670086,0,BENIGN,1,1.0,FP,False,0,BENIGN,1,1.0,FP,False,FP -> FP,FP,FP,Benign,False,False,False,True,False,False
FLOW_667624,0,BENIGN,1,0.995,FP,False,0,BENIGN,1,0.995,FP,False,FP -> FP,FP,FP,Benign,False,False,False,True,False,False
FLOW_667825,0,BENIGN,1,0.99,FP,False,0,BENIGN,1,0.985,FP,False,FP -> FP,FP,FP,Benign,False,False,False,True,False,False
FLOW_668208,0,BENIGN,1,0.98,FP,False,0,BENIGN,1,0.975,FP,False,FP -> FP,FP,FP,Benign,False,False,False,True,False,False
FLOW_668245,0,BENIGN,1,0.98,FP,False,0,BENIGN,1,0.985,FP,False,FP -> FP,FP,FP,Benign,False,False,False,True,False,False
FLOW_669108,0,BENIGN,1,0.99,FP,False,0,BENIGN,1,0.99,FP,False,FP -> FP,FP,FP,Benign,False,False,False,True,False,False
FLOW_671361,0,BENIGN,1,1.0,FP,False,0,BENIGN,1,1.0,FP,False,FP -> FP,FP,FP,Benign,False,False,False,True,False,False
FLOW_671441,0,BENIGN,1,0.99,FP,False,0,BENIGN,1,1.0,FP,False,FP -> FP,FP,FP,Benign,False,False,False,True,False,False
FLOW_671453,0,BENIGN,1,0.545,FP,False,0,BENIGN,1,0.545,FP,False,FP -> FP,FP,FP,Benign,False,False,False,True,False,False
FLOW_671456,0,BENIGN,1,0.995,FP,False,0,BENIGN,1,1.0,FP,False,FP -> FP,FP,FP,Benign,False,False,False,True,False,False
FLOW_671496,0,BENIGN,1,0.99,FP,False,0,BENIGN,1,0.985,FP,False,FP -> FP,FP,FP,Benign,False,False,False,True,False,False
FLOW_671504,0,BENIGN,1,0.995,FP,False,0,BENIGN,1,0.99,FP,False,FP -> FP,FP,FP,Benign,False,False,False,True,False,False
FLOW_671499,0,BENIGN,1,0.895,FP,False,0,BENIGN,1,0.925,FP,False,FP -> FP,FP,FP,Benign,False,False,False,True,False,False
FLOW_671550,0,BENIGN,1,0.52,FP,False,0,BENIGN,1,0.54,FP,False,FP -> FP,FP,FP,Benign,False,False,False,True,False,False
FLOW_671563,0,BENIGN,1,0.995,FP,False,0,BENIGN,1,1.0,FP,False,FP -> FP,FP,FP,Benign,False,False,False,True,False,False
FLOW_671630,0,BENIGN,1,0.94,FP,False,0,BENIGN,1,0.915,FP,False,FP -> FP,FP,FP,Benign,False,False,False,True,False,False
FLOW_671638,0,BENIGN,1,1.0,FP,False,0,BENIGN,1,0.995,FP,False,FP -> FP,FP,FP,Benign,False,False,False,True,False,False
FLOW_671639,0,BENIGN,1,0.8,FP,False,0,BENIGN,1,0.8,FP,False,FP -> FP,FP,FP,Benign,False,False,False,True,False,False
FLOW_666265,0,BENIGN,1,0.995,FP,False,0,BENIGN,1,0.985,FP,False,FP -> FP,FP,FP,Benign,False,False,False,True,False,False
FLOW_671667,0,BENIGN,1,0.865,FP,False,0,BENIGN,1,0.78,FP,False,FP -> FP,FP,FP,Benign,False,False,False,True,False,False
FLOW_671927,0,BENIGN,1,0.99,FP,False,0,BENIGN,1,0.985,FP,False,FP -> FP,FP,FP,Benign,False,False,False,True,False,False
FLOW_672208,0,BENIGN,1,0.99,FP,False,0,BENIGN,1,1.0,FP,False,FP -> FP,FP,FP,Benign,False,False,False,True,False,False
FLOW_672361,0,BENIGN,1,0.985,FP,False,0,BENIGN,1,0.995,FP,False,FP -> FP,FP,FP,Benign,False,False,False,True,False,False
FLOW_672441,0,BENIGN,1,0.995,FP,False,0,BENIGN,1,0.995,FP,False,FP -> FP,FP,FP,Benign,False,False,False,True,False,False
FLOW_673227,0,BENIGN,1,1.0,FP,False,0,BENIGN,1,1.0,FP,False,FP -> FP,FP,FP,Benign,False,False,False,True,False,False
FLOW_673764,0,BENIGN,1,0.59,FP,False,0,BENIGN,1,0.61,FP,False,FP -> FP,FP,FP,Benign,False,False,False,True,False,False
FLOW_673678,0,BENIGN,1,1.0,FP,False,0,BENIGN,1,0.985,FP,False,FP -> FP,FP,FP,Benign,False,False,False,True,False,False
FLOW_673686,0,BENIGN,1,0.99,FP,False,0,BENIGN,1,0.99,FP,False,FP -> FP,FP,FP,Benign,False,False,False,True,False,False
FLOW_674330,0,BENIGN,1,1.0,FP,False,0,BENIGN,1,1.0,FP,False,FP -> FP,FP,FP,Benign,False,False,False,True,False,False
FLOW_674360,0,BENIGN,1,0.925,FP,False,0,BENIGN,1,1.0,FP,False,FP -> FP,FP,FP,Benign,False,False,False,True,False,False
FLOW_675020,0,BENIGN,1,0.985,FP,False,0,BENIGN,1,0.95,FP,False,FP -> FP,FP,FP,Benign,False,False,False,True,False,False
FLOW_675221,0,BENIGN,1,0.94,FP,False,0,BENIGN,1,0.92,FP,False,FP -> FP,FP,FP,Benign,False,False,False,True,False,False
FLOW_675447,0,BENIGN,1,1.0,FP,False,0,BENIGN,1,1.0,FP,False,FP -> FP,FP,FP,Benign,False,False,False,True,False,False
FLOW_675965,0,BENIGN,1,0.755,FP,False,0,BENIGN,1,0.735,FP,False,FP -> FP,FP,FP,Benign,False,False,False,True,False,False
FLOW_676559,0,BENIGN,1,0.99,FP,False,0,BENIGN,1,0.99,FP,False,FP -> FP,FP,FP,Benign,False,False,False,True,False,False
FLOW_676798,0,BENIGN,1,1.0,FP,False,0,BENIGN,1,1.0,FP,False,FP -> FP,FP,FP,Benign,False,False,False,True,False,False
FLOW_674148,0,BENIGN,1,1.0,FP,False,0,BENIGN,1,0.995,FP,False,FP -> FP,FP,FP,Benign,False,False,False,True,False,False
FLOW_677282,0,BENIGN,1,0.99,FP,False,0,BENIGN,1,0.985,FP,False,FP -> FP,FP,FP,Benign,False,False,False,True,False,False
FLOW_677579,0,BENIGN,1,0.98,FP,False,0,BENIGN,1,0.955,FP,False,FP -> FP,FP,FP,Benign,False,False,False,True,False,False
FLOW_678042,0,BENIGN,1,0.835,FP,False,0,BENIGN,1,0.675,FP,False,FP -> FP,FP,FP,Benign,False,False,False,True,False,False
FLOW_678102,0,BENIGN,1,0.84,FP,False,0,BENIGN,1,0.775,FP,False,FP -> FP,FP,FP,Benign,False,False,False,True,False,False
FLOW_678117,0,BENIGN,1,0.745,FP,False,0,BENIGN,1,0.72,FP,False,FP -> FP,FP,FP,Benign,False,False,False,True,False,False
FLOW_677744,0,BENIGN,1,0.945,FP,False,0,BENIGN,1,0.96,FP,False,FP -> FP,FP,FP,Benign,False,False,False,True,False,False
FLOW_678116,0,BENIGN,1,0.98,FP,False,0,BENIGN,1,1.0,FP,False,FP -> FP,FP,FP,Benign,False,False,False,True,False,False
FLOW_674946,0,BENIGN,1,0.945,FP,False,0,BENIGN,1,0.935,FP,False,FP -> FP,FP,FP,Benign,False,False,False,True,False,False
FLOW_678406,0,BENIGN,1,1.0,FP,False,0,BENIGN,1,1.0,FP,False,FP -> FP,FP,FP,Benign,False,False,False,True,False,False
FLOW_678422,0,BENIGN,1,0.99,FP,False,0,BENIGN,1,0.99,FP,False,FP -> FP,FP,FP,Benign,False,False,False,True,False,False
FLOW_678932,0,BENIGN,1,0.765,FP,False,0,BENIGN,1,0.755,FP,False,FP -> FP,FP,FP,Benign,False,False,False,True,False,False
FLOW_678251,0,BENIGN,1,0.935,FP,False,0,BENIGN,1,0.93,FP,False,FP -> FP,FP,FP,Benign,False,False,False,True,False,False
FLOW_678469,0,BENIGN,1,0.975,FP,False,0,BENIGN,1,0.92,FP,False,FP -> FP,FP,FP,Benign,False,False,False,True,False,False
FLOW_681795,0,BENIGN,1,0.875,FP,False,0,BENIGN,1,0.84,FP,False,FP -> FP,FP,FP,Benign,False,False,False,True,False,False
FLOW_681909,0,BENIGN,1,0.99,FP,False,0,BENIGN,1,0.97,FP,False,FP -> FP,FP,FP,Benign,False,False,False,True,False,False
FLOW_681907,0,BENIGN,1,0.97,FP,False,0,BENIGN,1,0.945,FP,False,FP -> FP,FP,FP,Benign,False,False,False,True,False,False
FLOW_683448,0,BENIGN,1,0.88,FP,False,0,BENIGN,1,0.905,FP,False,FP -> FP,FP,FP,Benign,False,False,False,True,False,False
FLOW_683450,0,BENIGN,1,0.54,FP,False,0,BENIGN,1,0.55,FP,False,FP -> FP,FP,FP,Benign,False,False,False,True,False,False
FLOW_683480,0,BENIGN,1,1.0,FP,False,0,BENIGN,1,1.0,FP,False,FP -> FP,FP,FP,Benign,False,False,False,True,False,False
FLOW_681912,0,BENIGN,1,0.925,FP,False,0,BENIGN,1,0.935,FP,False,FP -> FP,FP,FP,Benign,False,False,False,True,False,False
FLOW_683510,0,BENIGN,1,0.675,FP,False,0,BENIGN,1,0.79,FP,False,FP -> FP,FP,FP,Benign,False,False,False,True,False,False
FLOW_681926,0,BENIGN,1,1.0,FP,False,0,BENIGN,1,0.995,FP,False,FP -> FP,FP,FP,Benign,False,False,False,True,False,False
FLOW_683532,0,BENIGN,1,1.0,FP,False,0,BENIGN,1,0.999951923076923,FP,False,FP -> FP,FP,FP,Benign,False,False,False,True,False,False
FLOW_683583,0,BENIGN,1,1.0,FP,False,0,BENIGN,1,1.0,FP,False,FP -> FP,FP,FP,Benign,False,False,False,True,False,False
FLOW_683444,0,BENIGN,1,0.965,FP,False,0,BENIGN,1,0.97,FP,False,FP -> FP,FP,FP,Benign,False,False,False,True,False,False
FLOW_684134,0,BENIGN,1,0.94,FP,False,0,BENIGN,1,0.965,FP,False,FP -> FP,FP,FP,Benign,False,False,False,True,False,False
FLOW_684629,0,BENIGN,1,0.955,FP,False,0,BENIGN,1,0.955,FP,False,FP -> FP,FP,FP,Benign,False,False,False,True,False,False
FLOW_685499,0,BENIGN,1,0.92,FP,False,0,BENIGN,1,0.885,FP,False,FP -> FP,FP,FP,Benign,False,False,False,True,False,False
FLOW_696865,0,BENIGN,1,0.975,FP,False,0,BENIGN,1,0.955,FP,False,FP -> FP,FP,FP,Benign,False,False,False,True,False,False
FLOW_696874,0,BENIGN,1,0.99,FP,False,0,BENIGN,1,0.995,FP,False,FP -> FP,FP,FP,Benign,False,False,False,True,False,False
FLOW_696888,0,BENIGN,1,0.995,FP,False,0,BENIGN,1,0.995,FP,False,FP -> FP,FP,FP,Benign,False,False,False,True,False,False
FLOW_696970,0,BENIGN,1,0.985,FP,False,0,BENIGN,1,0.98,FP,False,FP -> FP,FP,FP,Benign,False,False,False,True,False,False
FLOW_697346,0,BENIGN,1,0.975,FP,False,0,BENIGN,1,0.98,FP,False,FP -> FP,FP,FP,Benign,False,False,False,True,False,False
FLOW_699620,0,BENIGN,1,0.955,FP,False,0,BENIGN,1,0.94,FP,False,FP -> FP,FP,FP,Benign,False,False,False,True,False,False
FLOW_685615,0,BENIGN,1,0.955,FP,False,0,BENIGN,1,0.935,FP,False,FP -> FP,FP,FP,Benign,False,False,False,True,False,False
FLOW_702099,0,BENIGN,1,0.97,FP,False,0,BENIGN,1,0.955,FP,False,FP -> FP,FP,FP,Benign,False,False,False,True,False,False
FLOW_702271,0,BENIGN,1,0.875,FP,False,0,BENIGN,1,0.9,FP,False,FP -> FP,FP,FP,Benign,False,False,False,True,False,False
FLOW_703747,0,BENIGN,1,0.99,FP,False,0,BENIGN,1,0.99,FP,False,FP -> FP,FP,FP,Benign,False,False,False,True,False,False
FLOW_704281,0,BENIGN,1,0.98,FP,False,0,BENIGN,1,1.0,FP,False,FP -> FP,FP,FP,Benign,False,False,False,True,False,False
FLOW_704730,0,BENIGN,1,0.985,FP,False,0,BENIGN,1,0.96,FP,False,FP -> FP,FP,FP,Benign,False,False,False,True,False,False
FLOW_704835,0,BENIGN,1,0.995,FP,False,0,BENIGN,1,1.0,FP,False,FP -> FP,FP,FP,Benign,False,False,False,True,False,False
FLOW_706041,0,BENIGN,1,1.0,FP,False,0,BENIGN,1,0.99,FP,False,FP -> FP,FP,FP,Benign,False,False,False,True,False,False
FLOW_706085,0,BENIGN,1,0.965,FP,False,0,BENIGN,1,0.985,FP,False,FP -> FP,FP,FP,Benign,False,False,False,True,False,False
FLOW_706663,0,BENIGN,1,0.985,FP,False,0,BENIGN,1,0.995,FP,False,FP -> FP,FP,FP,Benign,False,False,False,True,False,False
FLOW_706759,0,BENIGN,1,0.97,FP,False,0,BENIGN,1,1.0,FP,False,FP -> FP,FP,FP,Benign,False,False,False,True,False,False
FLOW_707672,0,BENIGN,1,0.995,FP,False,0,BENIGN,1,1.0,FP,False,FP -> FP,FP,FP,Benign,False,False,False,True,False,False
FLOW_706834,0,BENIGN,1,0.94,FP,False,0,BENIGN,1,0.885,FP,False,FP -> FP,FP,FP,Benign,False,False,False,True,False,False
FLOW_708475,0,BENIGN,1,0.985,FP,False,0,BENIGN,1,0.98,FP,False,FP -> FP,FP,FP,Benign,False,False,False,True,False,False
FLOW_708616,0,BENIGN,1,0.97,FP,False,0,BENIGN,1,0.96,FP,False,FP -> FP,FP,FP,Benign,False,False,False,True,False,False
FLOW_710054,0,BENIGN,1,1.0,FP,False,0,BENIGN,1,1.0,FP,False,FP -> FP,FP,FP,Benign,False,False,False,True,False,False
FLOW_710501,0,BENIGN,1,0.99,FP,False,0,BENIGN,1,0.995,FP,False,FP -> FP,FP,FP,Benign,False,False,False,True,False,False
FLOW_710505,0,BENIGN,1,1.0,FP,False,0,BENIGN,1,0.995,FP,False,FP -> FP,FP,FP,Benign,False,False,False,True,False,False
FLOW_710801,0,BENIGN,1,0.995,FP,False,0,BENIGN,1,0.99,FP,False,FP -> FP,FP,FP,Benign,False,False,False,True,False,False
FLOW_711460,0,BENIGN,1,1.0,FP,False,0,BENIGN,1,1.0,FP,False,FP -> FP,FP,FP,Benign,False,False,False,True,False,False
FLOW_713890,0,BENIGN,1,0.85,FP,False,0,BENIGN,1,0.88,FP,False,FP -> FP,FP,FP,Benign,False,False,False,True,False,False
FLOW_714396,0,BENIGN,1,1.0,FP,False,0,BENIGN,1,1.0,FP,False,FP -> FP,FP,FP,Benign,False,False,False,True,False,False
FLOW_716193,0,BENIGN,1,0.77,FP,False,0,BENIGN,1,0.76,FP,False,FP -> FP,FP,FP,Benign,False,False,False,True,False,False
FLOW_716347,0,BENIGN,1,0.75,FP,False,0,BENIGN,1,0.79,FP,False,FP -> FP,FP,FP,Benign,False,False,False,True,False,False
FLOW_716331,0,BENIGN,1,0.815,FP,False,0,BENIGN,1,0.755,FP,False,FP -> FP,FP,FP,Benign,False,False,False,True,False,False
FLOW_716402,0,BENIGN,1,0.94,FP,False,0,BENIGN,1,0.935,FP,False,FP -> FP,FP,FP,Benign,False,False,False,True,False,False
FLOW_716961,0,BENIGN,1,0.98,FP,False,0,BENIGN,1,0.97,FP,False,FP -> FP,FP,FP,Benign,False,False,False,True,False,False
FLOW_717201,0,BENIGN,1,0.94,FP,False,0,BENIGN,1,0.895,FP,False,FP -> FP,FP,FP,Benign,False,False,False,True,False,False
FLOW_717629,0,BENIGN,1,1.0,FP,False,0,BENIGN,1,1.0,FP,False,FP -> FP,FP,FP,Benign,False,False,False,True,False,False
FLOW_717638,0,BENIGN,1,1.0,FP,False,0,BENIGN,1,1.0,FP,False,FP -> FP,FP,FP,Benign,False,False,False,True,False,False
FLOW_720954,0,BENIGN,1,1.0,FP,False,0,BENIGN,1,0.995,FP,False,FP -> FP,FP,FP,Benign,False,False,False,True,False,False
FLOW_720962,0,BENIGN,1,0.73,FP,False,0,BENIGN,1,0.69,FP,False,FP -> FP,FP,FP,Benign,False,False,False,True,False,False
FLOW_720990,0,BENIGN,1,0.925,FP,False,0,BENIGN,1,0.96,FP,False,FP -> FP,FP,FP,Benign,False,False,False,True,False,False
FLOW_716976,0,BENIGN,1,1.0,FP,False,0,BENIGN,1,1.0,FP,False,FP -> FP,FP,FP,Benign,False,False,False,True,False,False
FLOW_722009,0,BENIGN,1,0.98,FP,False,0,BENIGN,1,0.995,FP,False,FP -> FP,FP,FP,Benign,False,False,False,True,False,False
FLOW_685721,0,BENIGN,1,0.845,FP,False,0,BENIGN,1,0.8,FP,False,FP -> FP,FP,FP,Benign,False,False,False,True,False,False
FLOW_690827,0,BENIGN,1,1.0,FP,False,0,BENIGN,1,1.0,FP,False,FP -> FP,FP,FP,Benign,False,False,False,True,False,False
FLOW_690832,0,BENIGN,1,1.0,FP,False,0,BENIGN,1,1.0,FP,False,FP -> FP,FP,FP,Benign,False,False,False,True,False,False
FLOW_697171,0,BENIGN,1,0.995,FP,False,0,BENIGN,1,0.99,FP,False,FP -> FP,FP,FP,Benign,False,False,False,True,False,False
FLOW_697249,0,BENIGN,1,0.98,FP,False,0,BENIGN,1,0.975,FP,False,FP -> FP,FP,FP,Benign,False,False,False,True,False,False
FLOW_697432,0,BENIGN,1,0.995,FP,False,0,BENIGN,1,1.0,FP,False,FP -> FP,FP,FP,Benign,False,False,False,True,False,False
FLOW_698223,0,BENIGN,1,1.0,FP,False,0,BENIGN,1,1.0,FP,False,FP -> FP,FP,FP,Benign,False,False,False,True,False,False
FLOW_700590,0,BENIGN,1,0.905,FP,False,0,BENIGN,1,0.915,FP,False,FP -> FP,FP,FP,Benign,False,False,False,True,False,False
FLOW_701266,0,BENIGN,1,0.995,FP,False,0,BENIGN,1,1.0,FP,False,FP -> FP,FP,FP,Benign,False,False,False,True,False,False
FLOW_702027,0,BENIGN,1,0.97,FP,False,0,BENIGN,1,0.97,FP,False,FP -> FP,FP,FP,Benign,False,False,False,True,False,False
FLOW_702077,0,BENIGN,1,1.0,FP,False,0,BENIGN,1,0.995,FP,False,FP -> FP,FP,FP,Benign,False,False,False,True,False,False
FLOW_702595,0,BENIGN,1,1.0,FP,False,0,BENIGN,1,1.0,FP,False,FP -> FP,FP,FP,Benign,False,False,False,True,False,False
FLOW_702637,0,BENIGN,1,1.0,FP,False,0,BENIGN,1,1.0,FP,False,FP -> FP,FP,FP,Benign,False,False,False,True,False,False
FLOW_702841,0,BENIGN,1,0.99,FP,False,0,BENIGN,1,1.0,FP,False,FP -> FP,FP,FP,Benign,False,False,False,True,False,False
FLOW_705207,0,BENIGN,1,1.0,FP,False,0,BENIGN,1,1.0,FP,False,FP -> FP,FP,FP,Benign,False,False,False,True,False,False
FLOW_709671,0,BENIGN,1,1.0,FP,False,0,BENIGN,1,1.0,FP,False,FP -> FP,FP,FP,Benign,False,False,False,True,False,False
FLOW_710238,0,BENIGN,1,1.0,FP,False,0,BENIGN,1,0.995,FP,False,FP -> FP,FP,FP,Benign,False,False,False,True,False,False
FLOW_710292,0,BENIGN,1,1.0,FP,False,0,BENIGN,1,0.995,FP,False,FP -> FP,FP,FP,Benign,False,False,False,True,False,False
FLOW_710586,0,BENIGN,1,1.0,FP,False,0,BENIGN,1,1.0,FP,False,FP -> FP,FP,FP,Benign,False,False,False,True,False,False
FLOW_710987,0,BENIGN,1,1.0,FP,False,0,BENIGN,1,1.0,FP,False,FP -> FP,FP,FP,Benign,False,False,False,True,False,False
FLOW_711053,0,BENIGN,1,1.0,FP,False,0,BENIGN,1,0.985,FP,False,FP -> FP,FP,FP,Benign,False,False,False,True,False,False
FLOW_718164,0,BENIGN,1,1.0,FP,False,0,BENIGN,1,1.0,FP,False,FP -> FP,FP,FP,Benign,False,False,False,True,False,False
FLOW_721267,0,BENIGN,1,0.985,FP,False,0,BENIGN,1,0.98,FP,False,FP -> FP,FP,FP,Benign,False,False,False,True,False,False
FLOW_721359,0,BENIGN,1,0.705,FP,False,0,BENIGN,1,0.72,FP,False,FP -> FP,FP,FP,Benign,False,False,False,True,False,False
FLOW_721856,0,BENIGN,1,1.0,FP,False,0,BENIGN,1,1.0,FP,False,FP -> FP,FP,FP,Benign,False,False,False,True,False,False
FLOW_722192,0,BENIGN,1,0.795,FP,False,0,BENIGN,1,0.735,FP,False,FP -> FP,FP,FP,Benign,False,False,False,True,False,False
